task_id,source_type,repo,language,condition,model,returncode,elapsed_sec,parse_ok,gold_has_defect,pred_has_defect,any_defect_correct,gold_defect_types,pred_defect_types,type_tp,type_fp,type_fn,weighted_type_tp,weighted_type_fp,weighted_type_fn,type_exact_match,false_alarm,missed_defect,over_report_count,under_report_count,pred_defect_count,gold_label_source,gold_severity,pred_severity,gold_severity_weight,pred_severity_weight,severity_abs_error,missed_major_or_critical,unsupported_span_count,span_checked_count,span_supported_count,span_supported_rate,unsupported_span_labels,copied_span_chars,confidence,mean_defect_confidence,brier_any_defect,confidence_bin,high_confidence_wrong,low_confidence_correct,needs_human_review,ambiguous_term_gold,ambiguous_term_pred,ambiguous_term_tp,ambiguous_term_fp,ambiguous_term_fn,missing_actor_gold,missing_actor_pred,missing_actor_tp,missing_actor_fp,missing_actor_fn,missing_trigger_gold,missing_trigger_pred,missing_trigger_tp,missing_trigger_fp,missing_trigger_fn,missing_expected_outcome_gold,missing_expected_outcome_pred,missing_expected_outcome_tp,missing_expected_outcome_fp,missing_expected_outcome_fn,missing_constraint_gold,missing_constraint_pred,missing_constraint_tp,missing_constraint_fp,missing_constraint_fn,not_testable_gold,not_testable_pred,not_testable_tp,not_testable_fp,not_testable_fn,overly_broad_requirement_gold,overly_broad_requirement_pred,overly_broad_requirement_tp,overly_broad_requirement_fp,overly_broad_requirement_fn,inconsistent_condition_gold,inconsistent_condition_pred,inconsistent_condition_tp,inconsistent_condition_fp,inconsistent_condition_fn,unsupported_external_assumption_gold,unsupported_external_assumption_pred,unsupported_external_assumption_tp,unsupported_external_assumption_fp,unsupported_external_assumption_fn
issue_001,issue_statement,apache/dubbo,Java,zero_shot,qwen2.5-coder:7b,0,6.987,1,0,1,0,,ambiguous_term|missing_constraint,0,2,0,0,2,0,0,1,0,2,0,2,human_audit,none,minor,0,1,1,0,0,2,2,1.0,,44,0.95,0.85,0.9025,0.9-1.0,1,0,0,0,1,0,1,0,0,0,0,0,0,0,0,0,0,0,0,0,0,0,0,0,1,0,1,0,0,0,0,0,0,0,0,0,0,0,0,0,0,0,0,0,0,0,0,0
issue_002,issue_statement,apache/dubbo,Java,zero_shot,qwen2.5-coder:7b,0,2.557,1,0,0,1,,,0,0,0,0,0,0,1,0,0,0,0,0,human_audit,none,none,0,0,0,0,0,0,0,,,0,1.0,,1.0,0.9-1.0,0,0,0,0,0,0,0,0,0,0,0,0,0,0,0,0,0,0,0,0,0,0,0,0,0,0,0,0,0,0,0,0,0,0,0,0,0,0,0,0,0,0,0,0,0,0,0,0
issue_005,issue_statement,apache/dubbo,Java,zero_shot,qwen2.5-coder:7b,0,1.961,1,0,0,1,,,0,0,0,0,0,0,1,0,0,0,0,0,human_audit,none,none,0,0,0,0,0,0,0,,,0,1.0,,1.0,0.9-1.0,0,0,0,0,0,0,0,0,0,0,0,0,0,0,0,0,0,0,0,0,0,0,0,0,0,0,0,0,0,0,0,0,0,0,0,0,0,0,0,0,0,0,0,0,0,0,0,0
issue_014,issue_statement,mrdoob/three.js,JavaScript,zero_shot,qwen2.5-coder:7b,0,1.993,1,1,0,0,ambiguous_term|missing_actor|missing_constraint|missing_expected_outcome|missing_trigger|not_testable|overly_broad_requirement,,0,0,7,0,0,7,0,0,1,0,7,0,human_audit,minor,none,1,0,1,0,0,0,0,,,0,1.0,,0.0,0.9-1.0,1,0,0,1,0,0,0,1,1,0,0,0,1,1,0,0,0,1,1,0,0,0,1,1,0,0,0,1,1,0,0,0,1,1,0,0,0,1,0,0,0,0,0,0,0,0,0,0
issue_016,issue_statement,mrdoob/three.js,JavaScript,zero_shot,qwen2.5-coder:7b,0,1.717,1,1,0,0,missing_constraint|missing_expected_outcome,,0,0,2,0,0,2,0,0,1,0,2,0,human_audit,minor,none,1,0,1,0,0,0,0,,,0,1.0,,0.0,0.9-1.0,1,0,0,0,0,0,0,0,0,0,0,0,0,0,0,0,0,0,1,0,0,0,1,1,0,0,0,1,0,0,0,0,0,0,0,0,0,0,0,0,0,0,0,0,0,0,0,0
issue_018,issue_statement,mrdoob/three.js,JavaScript,zero_shot,qwen2.5-coder:7b,0,2.285,1,1,0,0,missing_expected_outcome,,0,0,1,0,0,1,0,0,1,0,1,0,human_audit,minor,none,1,0,1,0,0,0,0,,,0,1.0,,0.0,0.9-1.0,1,0,0,0,0,0,0,0,0,0,0,0,0,0,0,0,0,0,1,0,0,0,1,0,0,0,0,0,0,0,0,0,0,0,0,0,0,0,0,0,0,0,0,0,0,0,0,0
issue_020,issue_statement,prettier/prettier,JavaScript,zero_shot,qwen2.5-coder:7b,0,3.577,1,0,0,1,,,0,0,0,0,0,0,1,0,0,0,0,0,human_audit,none,none,0,0,0,0,0,0,0,,,0,1.0,,1.0,0.9-1.0,0,0,0,0,0,0,0,0,0,0,0,0,0,0,0,0,0,0,0,0,0,0,0,0,0,0,0,0,0,0,0,0,0,0,0,0,0,0,0,0,0,0,0,0,0,0,0,0
issue_023,issue_statement,prettier/prettier,JavaScript,zero_shot,qwen2.5-coder:7b,0,2.043,1,1,0,0,missing_expected_outcome|not_testable,,0,0,2,0,0,4,0,0,1,0,2,0,human_audit,major,none,2,0,2,1,0,0,0,,,0,1.0,,0.0,0.9-1.0,1,0,0,0,0,0,0,0,0,0,0,0,0,0,0,0,0,0,1,0,0,0,1,0,0,0,0,0,1,0,0,0,1,0,0,0,0,0,0,0,0,0,0,0,0,0,0,0
issue_036,issue_statement,huggingface/transformers,Python,zero_shot,qwen2.5-coder:7b,0,4.13,1,1,1,1,missing_expected_outcome,unsupported_external_assumption,0,1,1,0,2,1,0,0,0,0,0,1,human_audit,minor,major,1,2,1,0,0,1,1,1.0,,32,0.95,0.98,0.0025000000000000044,0.9-1.0,0,0,1,0,0,0,0,0,0,0,0,0,0,0,0,0,0,0,1,0,0,0,1,0,0,0,0,0,0,0,0,0,0,0,0,0,0,0,0,0,0,0,0,0,1,0,1,0
issue_037,issue_statement,coder/code-server,TypeScript,zero_shot,qwen2.5-coder:7b,0,2.079,1,0,0,1,,,0,0,0,0,0,0,1,0,0,0,0,0,human_audit,none,none,0,0,0,0,0,0,0,,,0,1.0,,1.0,0.9-1.0,0,0,0,0,0,0,0,0,0,0,0,0,0,0,0,0,0,0,0,0,0,0,0,0,0,0,0,0,0,0,0,0,0,0,0,0,0,0,0,0,0,0,0,0,0,0,0,0
issue_039,issue_statement,coder/code-server,TypeScript,zero_shot,qwen2.5-coder:7b,0,1.951,1,1,0,0,ambiguous_term|missing_expected_outcome|missing_trigger|not_testable|overly_broad_requirement|unsupported_external_assumption,,0,0,6,0,0,6,0,0,1,0,6,0,human_audit,minor,none,1,0,1,0,0,0,0,,,0,1.0,,0.0,0.9-1.0,1,0,0,1,0,0,0,1,0,0,0,0,0,1,0,0,0,1,1,0,0,0,1,0,0,0,0,0,1,0,0,0,1,1,0,0,0,1,0,0,0,0,0,1,0,0,0,1
issue_040,issue_statement,coder/code-server,TypeScript,zero_shot,qwen2.5-coder:7b,0,1.848,1,0,0,1,,,0,0,0,0,0,0,1,0,0,0,0,0,human_audit,none,none,0,0,0,0,0,0,0,,,0,1.0,,1.0,0.9-1.0,0,0,0,0,0,0,0,0,0,0,0,0,0,0,0,0,0,0,0,0,0,0,0,0,0,0,0,0,0,0,0,0,0,0,0,0,0,0,0,0,0,0,0,0,0,0,0,0
issue_044,issue_statement,microsoft/vscode,TypeScript,zero_shot,qwen2.5-coder:7b,0,2.352,1,1,0,0,ambiguous_term|missing_actor|missing_constraint|missing_expected_outcome|not_testable|overly_broad_requirement,,0,0,6,0,0,6,0,0,1,0,6,0,human_audit,minor,none,1,0,1,0,0,0,0,,,0,1.0,,0.0,0.9-1.0,1,0,0,1,0,0,0,1,1,0,0,0,1,0,0,0,0,0,1,0,0,0,1,1,0,0,0,1,1,0,0,0,1,1,0,0,0,1,0,0,0,0,0,0,0,0,0,0
issue_045,issue_statement,microsoft/vscode,TypeScript,zero_shot,qwen2.5-coder:7b,0,1.892,1,1,0,0,ambiguous_term|missing_constraint|missing_expected_outcome|not_testable|unsupported_external_assumption,,0,0,5,0,0,5,0,0,1,0,5,0,human_audit,minor,none,1,0,1,0,0,0,0,,,0,1.0,,0.0,0.9-1.0,1,0,0,1,0,0,0,1,0,0,0,0,0,0,0,0,0,0,1,0,0,0,1,1,0,0,0,1,1,0,0,0,1,0,0,0,0,0,0,0,0,0,0,1,0,0,0,1
issue_050,issue_statement,django/django,Python,zero_shot,qwen2.5-coder:7b,0,2.091,1,1,0,0,ambiguous_term|missing_constraint|missing_expected_outcome|not_testable|unsupported_external_assumption,,0,0,5,0,0,5,0,0,1,0,5,0,human_audit,minor,none,1,0,1,0,0,0,0,,,0,1.0,,0.0,0.9-1.0,1,0,0,1,0,0,0,1,0,0,0,0,0,0,0,0,0,0,1,0,0,0,1,1,0,0,0,1,1,0,0,0,1,0,0,0,0,0,0,0,0,0,0,1,0,0,0,1
issue_056,issue_statement,pylint-dev/pylint,Python,zero_shot,qwen2.5-coder:7b,0,2.268,1,1,0,0,ambiguous_term|missing_actor|missing_constraint|missing_expected_outcome|not_testable|unsupported_external_assumption,,0,0,6,0,0,6,0,0,1,0,6,0,human_audit,minor,none,1,0,1,0,0,0,0,,,0,1.0,,0.0,0.9-1.0,1,0,0,1,0,0,0,1,1,0,0,0,1,0,0,0,0,0,1,0,0,0,1,1,0,0,0,1,1,0,0,0,1,0,0,0,0,0,0,0,0,0,0,1,0,0,0,1
issue_066,issue_statement,django/django,Python,zero_shot,qwen2.5-coder:7b,0,2.251,1,1,0,0,ambiguous_term|missing_constraint|missing_expected_outcome|not_testable|unsupported_external_assumption,,0,0,5,0,0,5,0,0,1,0,5,0,human_audit,minor,none,1,0,1,0,0,0,0,,,0,1.0,,0.0,0.9-1.0,1,0,0,1,0,0,0,1,0,0,0,0,0,0,0,0,0,0,1,0,0,0,1,1,0,0,0,1,1,0,0,0,1,0,0,0,0,0,0,0,0,0,0,1,0,0,0,1
issue_072,issue_statement,django/django,Python,zero_shot,qwen2.5-coder:7b,0,3.443,1,1,1,1,ambiguous_term|missing_constraint|missing_expected_outcome|not_testable|unsupported_external_assumption,not_testable,1,0,4,1,0,4,0,0,0,0,4,1,human_audit,minor,major,1,2,1,0,0,1,1,1.0,,46,0.95,0.98,0.0025000000000000044,0.9-1.0,0,0,0,1,0,0,0,1,0,0,0,0,0,0,0,0,0,0,1,0,0,0,1,1,0,0,0,1,1,1,1,0,0,0,0,0,0,0,0,0,0,0,0,1,0,0,0,1
issue_080,issue_statement,DiskUsage,Android,zero_shot,qwen2.5-coder:7b,0,2.254,1,1,0,0,ambiguous_term|missing_actor|missing_constraint|missing_expected_outcome|missing_trigger|not_testable|overly_broad_requirement,,0,0,7,0,0,7,0,0,1,0,7,0,human_audit,minor,none,1,0,1,0,0,0,0,,,0,1.0,,0.0,0.9-1.0,1,0,0,1,0,0,0,1,1,0,0,0,1,1,0,0,0,1,1,0,0,0,1,1,0,0,0,1,1,0,0,0,1,1,0,0,0,1,0,0,0,0,0,0,0,0,0,0
issue_082,issue_statement,Enchanted_Fortress,Android,zero_shot,qwen2.5-coder:7b,0,2.324,1,1,0,0,ambiguous_term|missing_constraint|missing_expected_outcome|not_testable|overly_broad_requirement|unsupported_external_assumption,,0,0,6,0,0,6,0,0,1,0,6,0,human_audit,minor,none,1,0,1,0,0,0,0,,,0,1.0,,0.0,0.9-1.0,1,0,0,1,0,0,0,1,0,0,0,0,0,0,0,0,0,0,1,0,0,0,1,1,0,0,0,1,1,0,0,0,1,1,0,0,0,1,0,0,0,0,0,1,0,0,0,1
issue_091,issue_statement,LRCEditor,Android,zero_shot,qwen2.5-coder:7b,0,2.521,1,1,0,0,missing_constraint|missing_expected_outcome,,0,0,2,0,0,4,0,0,1,0,2,0,human_audit,major,none,2,0,2,1,0,0,0,,,0,1.0,,0.0,0.9-1.0,1,0,0,0,0,0,0,0,0,0,0,0,0,0,0,0,0,0,1,0,0,0,1,1,0,0,0,1,0,0,0,0,0,0,0,0,0,0,0,0,0,0,0,0,0,0,0,0
issue_094,issue_statement,MedTimer,Android,zero_shot,qwen2.5-coder:7b,0,2.312,1,1,0,0,ambiguous_term|missing_actor|missing_constraint|missing_expected_outcome|missing_trigger|not_testable|overly_broad_requirement|unsupported_external_assumption,,0,0,8,0,0,16,0,0,1,0,8,0,human_audit,major,none,2,0,2,1,0,0,0,,,0,1.0,,0.0,0.9-1.0,1,0,0,1,0,0,0,1,1,0,0,0,1,1,0,0,0,1,1,0,0,0,1,1,0,0,0,1,1,0,0,0,1,1,0,0,0,1,0,0,0,0,0,1,0,0,0,1
ac_003,acceptance_criterion,Arcticons,Android,zero_shot,qwen2.5-coder:7b,0,1.771,1,1,0,0,ambiguous_term|inconsistent_condition,,0,0,2,0,0,2,0,0,1,0,2,0,human_audit,minor,none,1,0,1,0,0,0,0,,,0,1.0,,0.0,0.9-1.0,1,0,0,1,0,0,0,1,0,0,0,0,0,0,0,0,0,0,0,0,0,0,0,0,0,0,0,0,0,0,0,0,0,0,0,0,0,0,1,0,0,0,1,0,0,0,0,0
ac_006,acceptance_criterion,Arcticons,Android,zero_shot,qwen2.5-coder:7b,0,2.05,1,1,0,0,ambiguous_term|inconsistent_condition,,0,0,2,0,0,2,0,0,1,0,2,0,human_audit,minor,none,1,0,1,0,0,0,0,,,0,1.0,,0.0,0.9-1.0,1,0,0,1,0,0,0,1,0,0,0,0,0,0,0,0,0,0,0,0,0,0,0,0,0,0,0,0,0,0,0,0,0,0,0,0,0,0,1,0,0,0,1,0,0,0,0,0
ac_012,acceptance_criterion,CityZen,Android,zero_shot,qwen2.5-coder:7b,0,2.04,1,0,0,1,,,0,0,0,0,0,0,1,0,0,0,0,0,human_audit,none,none,0,0,0,0,0,0,0,,,0,1.0,,1.0,0.9-1.0,0,0,0,0,0,0,0,0,0,0,0,0,0,0,0,0,0,0,0,0,0,0,0,0,0,0,0,0,0,0,0,0,0,0,0,0,0,0,0,0,0,0,0,0,0,0,0,0
ac_013,acceptance_criterion,CityZen,Android,zero_shot,qwen2.5-coder:7b,0,2.12,1,1,0,0,ambiguous_term|missing_constraint|missing_expected_outcome|missing_trigger|not_testable|unsupported_external_assumption,,0,0,6,0,0,6,0,0,1,0,6,0,human_audit,minor,none,1,0,1,0,0,0,0,,,0,1.0,,0.0,0.9-1.0,1,0,0,1,0,0,0,1,0,0,0,0,0,1,0,0,0,1,1,0,0,0,1,1,0,0,0,1,1,0,0,0,1,0,0,0,0,0,0,0,0,0,0,1,0,0,0,1
ac_014,acceptance_criterion,CityZen,Android,zero_shot,qwen2.5-coder:7b,0,2.016,1,1,0,0,ambiguous_term,,0,0,1,0,0,1,0,0,1,0,1,0,human_audit,minor,none,1,0,1,0,0,0,0,,,0,1.0,,0.0,0.9-1.0,1,0,0,1,0,0,0,1,0,0,0,0,0,0,0,0,0,0,0,0,0,0,0,0,0,0,0,0,0,0,0,0,0,0,0,0,0,0,0,0,0,0,0,0,0,0,0,0
ac_016,acceptance_criterion,CityZen,Android,zero_shot,qwen2.5-coder:7b,0,2.115,1,0,0,1,,,0,0,0,0,0,0,1,0,0,0,0,0,human_audit,none,none,0,0,0,0,0,0,0,,,0,1.0,,1.0,0.9-1.0,0,0,0,0,0,0,0,0,0,0,0,0,0,0,0,0,0,0,0,0,0,0,0,0,0,0,0,0,0,0,0,0,0,0,0,0,0,0,0,0,0,0,0,0,0,0,0,0
ac_021,acceptance_criterion,astropy/astropy,Python,zero_shot,qwen2.5-coder:7b,0,1.85,1,0,0,1,,,0,0,0,0,0,0,1,0,0,0,0,0,human_audit,none,none,0,0,0,0,0,0,0,,,0,1.0,,1.0,0.9-1.0,0,0,0,0,0,0,0,0,0,0,0,0,0,0,0,0,0,0,0,0,0,0,0,0,0,0,0,0,0,0,0,0,0,0,0,0,0,0,0,0,0,0,0,0,0,0,0,0
ac_022,acceptance_criterion,django/django,Python,zero_shot,qwen2.5-coder:7b,0,1.843,1,1,0,0,ambiguous_term|missing_constraint|not_testable|unsupported_external_assumption,,0,0,4,0,0,4,0,0,1,0,4,0,human_audit,minor,none,1,0,1,0,0,0,0,,,0,1.0,,0.0,0.9-1.0,1,0,0,1,0,0,0,1,0,0,0,0,0,0,0,0,0,0,0,0,0,0,0,1,0,0,0,1,1,0,0,0,1,0,0,0,0,0,0,0,0,0,0,1,0,0,0,1
ac_029,acceptance_criterion,matplotlib/matplotlib,Python,zero_shot,qwen2.5-coder:7b,0,1.893,1,0,0,1,,,0,0,0,0,0,0,1,0,0,0,0,0,human_audit,none,none,0,0,0,0,0,0,0,,,0,1.0,,1.0,0.9-1.0,0,0,0,0,0,0,0,0,0,0,0,0,0,0,0,0,0,0,0,0,0,0,0,0,0,0,0,0,0,0,0,0,0,0,0,0,0,0,0,0,0,0,0,0,0,0,0,0
ac_039,acceptance_criterion,apache/dubbo,Java,zero_shot,qwen2.5-coder:7b,0,1.653,1,0,0,1,,,0,0,0,0,0,0,1,0,0,0,0,0,human_audit,none,none,0,0,0,0,0,0,0,,,0,1.0,,1.0,0.9-1.0,0,0,0,0,0,0,0,0,0,0,0,0,0,0,0,0,0,0,0,0,0,0,0,0,0,0,0,0,0,0,0,0,0,0,0,0,0,0,0,0,0,0,0,0,0,0,0,0
ac_043,acceptance_criterion,apache/dubbo,Java,zero_shot,qwen2.5-coder:7b,0,2.428,1,1,0,0,missing_trigger|overly_broad_requirement,,0,0,2,0,0,4,0,0,1,0,2,0,human_audit,major,none,2,0,2,1,0,0,0,,,0,1.0,,0.0,0.9-1.0,1,0,0,0,0,0,0,0,0,0,0,0,0,1,0,0,0,1,0,0,0,0,0,0,0,0,0,0,0,0,0,0,0,1,0,0,0,1,0,0,0,0,0,0,0,0,0,0
ac_044,acceptance_criterion,apache/dubbo,Java,zero_shot,qwen2.5-coder:7b,0,2.337,1,1,0,0,ambiguous_term|missing_actor|not_testable,,0,0,3,0,0,3,0,0,1,0,3,0,human_audit,minor,none,1,0,1,0,0,0,0,,,0,1.0,,0.0,0.9-1.0,1,0,0,1,0,0,0,1,1,0,0,0,1,0,0,0,0,0,0,0,0,0,0,0,0,0,0,0,1,0,0,0,1,0,0,0,0,0,0,0,0,0,0,0,0,0,0,0
ac_050,acceptance_criterion,mrdoob/three.js,JavaScript,zero_shot,qwen2.5-coder:7b,0,1.73,1,0,0,1,,,0,0,0,0,0,0,1,0,0,0,0,0,human_audit,none,none,0,0,0,0,0,0,0,,,0,1.0,,1.0,0.9-1.0,0,0,0,0,0,0,0,0,0,0,0,0,0,0,0,0,0,0,0,0,0,0,0,0,0,0,0,0,0,0,0,0,0,0,0,0,0,0,0,0,0,0,0,0,0,0,0,0
ac_055,acceptance_criterion,mrdoob/three.js,JavaScript,zero_shot,qwen2.5-coder:7b,0,1.774,1,1,0,0,ambiguous_term|missing_constraint|missing_expected_outcome|not_testable|unsupported_external_assumption,,0,0,5,0,0,5,0,0,1,0,5,0,human_audit,minor,none,1,0,1,0,0,0,0,,,0,1.0,,0.0,0.9-1.0,1,0,0,1,0,0,0,1,0,0,0,0,0,0,0,0,0,0,1,0,0,0,1,1,0,0,0,1,1,0,0,0,1,0,0,0,0,0,0,0,0,0,0,1,0,0,0,1
ac_058,acceptance_criterion,mrdoob/three.js,JavaScript,zero_shot,qwen2.5-coder:7b,0,1.709,1,0,0,1,,,0,0,0,0,0,0,1,0,0,0,0,0,human_audit,none,none,0,0,0,0,0,0,0,,,0,1.0,,1.0,0.9-1.0,0,0,0,0,0,0,0,0,0,0,0,0,0,0,0,0,0,0,0,0,0,0,0,0,0,0,0,0,0,0,0,0,0,0,0,0,0,0,0,0,0,0,0,0,0,0,0,0
ac_063,acceptance_criterion,huggingface/transformers,Python,zero_shot,qwen2.5-coder:7b,0,1.786,1,1,0,0,ambiguous_term|missing_constraint|missing_expected_outcome|missing_trigger|not_testable|unsupported_external_assumption,,0,0,6,0,0,6,0,0,1,0,6,0,human_audit,minor,none,1,0,1,0,0,0,0,,,0,1.0,,0.0,0.9-1.0,1,0,0,1,0,0,0,1,0,0,0,0,0,1,0,0,0,1,1,0,0,0,1,1,0,0,0,1,1,0,0,0,1,0,0,0,0,0,0,0,0,0,0,1,0,0,0,1
ac_072,acceptance_criterion,huggingface/transformers,Python,zero_shot,qwen2.5-coder:7b,0,1.761,1,1,0,0,ambiguous_term|missing_constraint|missing_expected_outcome|missing_trigger|not_testable|unsupported_external_assumption,,0,0,6,0,0,6,0,0,1,0,6,0,human_audit,minor,none,1,0,1,0,0,0,0,,,0,1.0,,0.0,0.9-1.0,1,0,0,1,0,0,0,1,0,0,0,0,0,1,0,0,0,1,1,0,0,0,1,1,0,0,0,1,1,0,0,0,1,0,0,0,0,0,0,0,0,0,0,1,0,0,0,1
ac_073,acceptance_criterion,huggingface/transformers,Python,zero_shot,qwen2.5-coder:7b,0,1.725,1,0,0,1,,,0,0,0,0,0,0,1,0,0,0,0,0,human_audit,none,none,0,0,0,0,0,0,0,,,0,1.0,,1.0,0.9-1.0,0,0,0,0,0,0,0,0,0,0,0,0,0,0,0,0,0,0,0,0,0,0,0,0,0,0,0,0,0,0,0,0,0,0,0,0,0,0,0,0,0,0,0,0,0,0,0,0
ac_084,acceptance_criterion,coder/code-server,TypeScript,zero_shot,qwen2.5-coder:7b,0,1.668,1,1,0,0,ambiguous_term|missing_constraint|missing_expected_outcome|not_testable|overly_broad_requirement,,0,0,5,0,0,5,0,0,1,0,5,0,human_audit,minor,none,1,0,1,0,0,0,0,,,0,1.0,,0.0,0.9-1.0,1,0,0,1,0,0,0,1,0,0,0,0,0,0,0,0,0,0,1,0,0,0,1,1,0,0,0,1,1,0,0,0,1,1,0,0,0,1,0,0,0,0,0,0,0,0,0,0
ac_088,acceptance_criterion,coder/code-server,TypeScript,zero_shot,qwen2.5-coder:7b,0,1.7,1,1,0,0,ambiguous_term|missing_constraint|missing_expected_outcome|not_testable|unsupported_external_assumption,,0,0,5,0,0,5,0,0,1,0,5,0,human_audit,minor,none,1,0,1,0,0,0,0,,,0,1.0,,0.0,0.9-1.0,1,0,0,1,0,0,0,1,0,0,0,0,0,0,0,0,0,0,1,0,0,0,1,1,0,0,0,1,1,0,0,0,1,0,0,0,0,0,0,0,0,0,0,1,0,0,0,1
ac_096,acceptance_criterion,apache/dubbo,Java,zero_shot,qwen2.5-coder:7b,0,1.775,1,1,0,0,ambiguous_term|missing_actor|missing_constraint|missing_expected_outcome|not_testable|unsupported_external_assumption,,0,0,6,0,0,6,0,0,1,0,6,0,human_audit,minor,none,1,0,1,0,0,0,0,,,0,1.0,,0.0,0.9-1.0,1,0,0,1,0,0,0,1,1,0,0,0,1,0,0,0,0,0,1,0,0,0,1,1,0,0,0,1,1,0,0,0,1,0,0,0,0,0,0,0,0,0,0,1,0,0,0,1
syn_002,synthetic_defect,Arcticons,Android,zero_shot,qwen2.5-coder:7b,0,1.669,1,1,0,0,ambiguous_term|missing_constraint|not_testable|unsupported_external_assumption,,0,0,4,0,0,4,0,0,1,0,4,0,human_audit,minor,none,1,0,1,0,0,0,0,,,0,1.0,,0.0,0.9-1.0,1,0,0,1,0,0,0,1,0,0,0,0,0,0,0,0,0,0,0,0,0,0,0,1,0,0,0,1,1,0,0,0,1,0,0,0,0,0,0,0,0,0,0,1,0,0,0,1
syn_006,synthetic_defect,Arcticons,Android,zero_shot,qwen2.5-coder:7b,0,3.004,1,1,1,1,ambiguous_term|missing_expected_outcome|not_testable|overly_broad_requirement,overly_broad_requirement,1,0,3,3,0,9,0,0,0,0,3,1,human_audit,critical,major,3,2,1,0,0,1,1,1.0,,58,0.75,0.82,0.0625,0.7-0.8,0,0,1,1,0,0,0,1,0,0,0,0,0,0,0,0,0,0,1,0,0,0,1,0,0,0,0,0,1,0,0,0,1,1,1,1,0,0,0,0,0,0,0,0,0,0,0,0
syn_008,synthetic_defect,Autostarts,Android,zero_shot,qwen2.5-coder:7b,0,1.7,1,1,0,0,ambiguous_term|unsupported_external_assumption,,0,0,2,0,0,4,0,0,1,0,2,0,human_audit,major,none,2,0,2,1,0,0,0,,,0,1.0,,0.0,0.9-1.0,1,0,0,1,0,0,0,1,0,0,0,0,0,0,0,0,0,0,0,0,0,0,0,0,0,0,0,0,0,0,0,0,0,0,0,0,0,0,0,0,0,0,0,1,0,0,0,1
syn_010,synthetic_defect,Autostarts,Android,zero_shot,qwen2.5-coder:7b,0,1.788,1,1,0,0,ambiguous_term|missing_trigger,,0,0,2,0,0,2,0,0,1,0,2,0,human_audit,minor,none,1,0,1,0,0,0,0,,,0,1.0,,0.0,0.9-1.0,1,0,0,1,0,0,0,1,0,0,0,0,0,1,0,0,0,1,0,0,0,0,0,0,0,0,0,0,0,0,0,0,0,0,0,0,0,0,0,0,0,0,0,0,0,0,0,0
syn_015,synthetic_defect,django/django,Python,zero_shot,qwen2.5-coder:7b,0,2.019,1,1,0,0,ambiguous_term|inconsistent_condition|missing_constraint|missing_expected_outcome|not_testable|unsupported_external_assumption,,0,0,6,0,0,6,0,0,1,0,6,0,human_audit,minor,none,1,0,1,0,0,0,0,,,0,1.0,,0.0,0.9-1.0,1,0,0,1,0,0,0,1,0,0,0,0,0,0,0,0,0,0,1,0,0,0,1,1,0,0,0,1,1,0,0,0,1,0,0,0,0,0,1,0,0,0,1,1,0,0,0,1
syn_017,synthetic_defect,matplotlib/matplotlib,Python,zero_shot,qwen2.5-coder:7b,0,1.826,1,1,0,0,ambiguous_term|overly_broad_requirement,,0,0,2,0,0,2,0,0,1,0,2,0,human_audit,minor,none,1,0,1,0,0,0,0,,,0,1.0,,0.0,0.9-1.0,1,0,0,1,0,0,0,1,0,0,0,0,0,0,0,0,0,0,0,0,0,0,0,0,0,0,0,0,0,0,0,0,0,1,0,0,0,1,0,0,0,0,0,0,0,0,0,0
syn_024,synthetic_defect,apache/dubbo,Java,zero_shot,qwen2.5-coder:7b,0,1.728,1,1,0,0,ambiguous_term|missing_actor|missing_constraint|missing_expected_outcome|not_testable|unsupported_external_assumption,,0,0,6,0,0,6,0,0,1,0,6,0,human_audit,minor,none,1,0,1,0,0,0,0,,,0,1.0,,0.0,0.9-1.0,1,0,0,1,0,0,0,1,1,0,0,0,1,0,0,0,0,0,1,0,0,0,1,1,0,0,0,1,1,0,0,0,1,0,0,0,0,0,0,0,0,0,0,1,0,0,0,1
syn_027,synthetic_defect,apache/dubbo,Java,zero_shot,qwen2.5-coder:7b,0,3.118,1,1,1,1,missing_expected_outcome|not_testable,missing_expected_outcome,1,0,1,2,0,2,0,0,0,0,1,1,human_audit,major,major,2,2,0,0,0,1,1,1.0,,134,0.95,0.92,0.0025000000000000044,0.9-1.0,0,0,1,0,0,0,0,0,0,0,0,0,0,0,0,0,0,0,1,1,1,0,0,0,0,0,0,0,1,0,0,0,1,0,0,0,0,0,0,0,0,0,0,0,0,0,0,0
syn_031,synthetic_defect,apache/dubbo,Java,zero_shot,qwen2.5-coder:7b,0,1.972,1,1,0,0,inconsistent_condition|not_testable,,0,0,2,0,0,4,0,0,1,0,2,0,human_audit,major,none,2,0,2,1,0,0,0,,,0,1.0,,0.0,0.9-1.0,1,0,0,0,0,0,0,0,0,0,0,0,0,0,0,0,0,0,0,0,0,0,0,0,0,0,0,0,1,0,0,0,1,0,0,0,0,0,1,0,0,0,1,0,0,0,0,0
syn_033,synthetic_defect,mrdoob/three.js,JavaScript,zero_shot,qwen2.5-coder:7b,0,1.776,1,1,0,0,ambiguous_term|missing_constraint|missing_expected_outcome|missing_trigger|not_testable|unsupported_external_assumption,,0,0,6,0,0,6,0,0,1,0,6,0,human_audit,minor,none,1,0,1,0,0,0,0,,,0,1.0,,0.0,0.9-1.0,1,0,0,1,0,0,0,1,0,0,0,0,0,1,0,0,0,1,1,0,0,0,1,1,0,0,0,1,1,0,0,0,1,0,0,0,0,0,0,0,0,0,0,1,0,0,0,1
syn_039,synthetic_defect,mrdoob/three.js,JavaScript,zero_shot,qwen2.5-coder:7b,0,2.012,1,1,0,0,ambiguous_term|inconsistent_condition|missing_constraint|missing_expected_outcome|not_testable|unsupported_external_assumption,,0,0,6,0,0,6,0,0,1,0,6,0,human_audit,minor,none,1,0,1,0,0,0,0,,,0,1.0,,0.0,0.9-1.0,1,0,0,1,0,0,0,1,0,0,0,0,0,0,0,0,0,0,1,0,0,0,1,1,0,0,0,1,1,0,0,0,1,0,0,0,0,0,1,0,0,0,1,1,0,0,0,1
syn_042,synthetic_defect,huggingface/transformers,Python,zero_shot,qwen2.5-coder:7b,0,1.814,1,1,0,0,missing_trigger|overly_broad_requirement,,0,0,2,0,0,4,0,0,1,0,2,0,human_audit,major,none,2,0,2,1,0,0,0,,,0,1.0,,0.0,0.9-1.0,1,0,0,0,0,0,0,0,0,0,0,0,0,1,0,0,0,1,0,0,0,0,0,0,0,0,0,0,0,0,0,0,0,1,0,0,0,1,0,0,0,0,0,0,0,0,0,0
syn_043,synthetic_defect,huggingface/transformers,Python,zero_shot,qwen2.5-coder:7b,0,1.741,1,1,0,0,ambiguous_term|missing_constraint|missing_expected_outcome|missing_trigger|not_testable|overly_broad_requirement,,0,0,6,0,0,6,0,0,1,0,6,0,human_audit,minor,none,1,0,1,0,0,0,0,,,0,1.0,,0.0,0.9-1.0,1,0,0,1,0,0,0,1,0,0,0,0,0,1,0,0,0,1,1,0,0,0,1,1,0,0,0,1,1,0,0,0,1,1,0,0,0,1,0,0,0,0,0,0,0,0,0,0
syn_052,synthetic_defect,huggingface/transformers,Python,zero_shot,qwen2.5-coder:7b,0,1.726,1,1,0,0,overly_broad_requirement,,0,0,1,0,0,2,0,0,1,0,1,0,human_audit,major,none,2,0,2,1,0,0,0,,,0,1.0,,0.0,0.9-1.0,1,0,0,0,0,0,0,0,0,0,0,0,0,0,0,0,0,0,0,0,0,0,0,0,0,0,0,0,0,0,0,0,0,1,0,0,0,1,0,0,0,0,0,0,0,0,0,0
syn_053,synthetic_defect,huggingface/transformers,Python,zero_shot,qwen2.5-coder:7b,0,1.8,1,1,0,0,ambiguous_term|missing_actor|missing_constraint|missing_expected_outcome|not_testable|overly_broad_requirement,,0,0,6,0,0,6,0,0,1,0,6,0,human_audit,minor,none,1,0,1,0,0,0,0,,,0,1.0,,0.0,0.9-1.0,1,0,0,1,0,0,0,1,1,0,0,0,1,0,0,0,0,0,1,0,0,0,1,1,0,0,0,1,1,0,0,0,1,1,0,0,0,1,0,0,0,0,0,0,0,0,0,0
syn_057,synthetic_defect,coder/code-server,TypeScript,zero_shot,qwen2.5-coder:7b,0,1.805,1,1,0,0,ambiguous_term|overly_broad_requirement,,0,0,2,0,0,2,0,0,1,0,2,0,human_audit,minor,none,1,0,1,0,0,0,0,,,0,1.0,,0.0,0.9-1.0,1,0,0,1,0,0,0,1,0,0,0,0,0,0,0,0,0,0,0,0,0,0,0,0,0,0,0,0,0,0,0,0,0,1,0,0,0,1,0,0,0,0,0,0,0,0,0,0
syn_067,synthetic_defect,apache/dubbo,Java,zero_shot,qwen2.5-coder:7b,0,2.001,1,1,0,0,ambiguous_term|missing_expected_outcome,,0,0,2,0,0,4,0,0,1,0,2,0,human_audit,major,none,2,0,2,1,0,0,0,,,0,1.0,,0.0,0.9-1.0,1,0,0,1,0,0,0,1,0,0,0,0,0,0,0,0,0,0,1,0,0,0,1,0,0,0,0,0,0,0,0,0,0,0,0,0,0,0,0,0,0,0,0,0,0,0,0,0
syn_071,synthetic_defect,Arcticons,Android,zero_shot,qwen2.5-coder:7b,0,1.962,1,1,0,0,ambiguous_term|inconsistent_condition,,0,0,2,0,0,4,0,0,1,0,2,0,human_audit,major,none,2,0,2,1,0,0,0,,,0,1.0,,0.0,0.9-1.0,1,0,0,1,0,0,0,1,0,0,0,0,0,0,0,0,0,0,0,0,0,0,0,0,0,0,0,0,0,0,0,0,0,0,0,0,0,0,1,0,0,0,1,0,0,0,0,0
syn_085,synthetic_defect,django/django,Python,zero_shot,qwen2.5-coder:7b,0,1.704,1,1,0,0,ambiguous_term|missing_actor|missing_constraint|missing_expected_outcome|not_testable|overly_broad_requirement,,0,0,6,0,0,6,0,0,1,0,6,0,human_audit,minor,none,1,0,1,0,0,0,0,,,0,1.0,,0.0,0.9-1.0,1,0,0,1,0,0,0,1,1,0,0,0,1,0,0,0,0,0,1,0,0,0,1,1,0,0,0,1,1,0,0,0,1,1,0,0,0,1,0,0,0,0,0,0,0,0,0,0
syn_087,synthetic_defect,matplotlib/matplotlib,Python,zero_shot,qwen2.5-coder:7b,0,1.885,1,1,0,0,ambiguous_term|inconsistent_condition,,0,0,2,0,0,4,0,0,1,0,2,0,human_audit,major,none,2,0,2,1,0,0,0,,,0,1.0,,0.0,0.9-1.0,1,0,0,1,0,0,0,1,0,0,0,0,0,0,0,0,0,0,0,0,0,0,0,0,0,0,0,0,0,0,0,0,0,0,0,0,0,0,1,0,0,0,1,0,0,0,0,0
syn_093,synthetic_defect,apache/dubbo,Java,zero_shot,qwen2.5-coder:7b,0,1.692,1,1,0,0,ambiguous_term|missing_actor|missing_constraint|missing_expected_outcome|not_testable|overly_broad_requirement,,0,0,6,0,0,6,0,0,1,0,6,0,human_audit,minor,none,1,0,1,0,0,0,0,,,0,1.0,,0.0,0.9-1.0,1,0,0,1,0,0,0,1,1,0,0,0,1,0,0,0,0,0,1,0,0,0,1,1,0,0,0,1,1,0,0,0,1,1,0,0,0,1,0,0,0,0,0,0,0,0,0,0
ult_001,function_spec,UnLeakedTestBench,Python,zero_shot,qwen2.5-coder:7b,0,1.835,1,1,0,0,ambiguous_term,,0,0,1,0,0,1,0,0,1,0,1,0,human_audit,minor,none,1,0,1,0,0,0,0,,,0,1.0,,0.0,0.9-1.0,1,0,0,1,0,0,0,1,0,0,0,0,0,0,0,0,0,0,0,0,0,0,0,0,0,0,0,0,0,0,0,0,0,0,0,0,0,0,0,0,0,0,0,0,0,0,0,0
ult_002,function_spec,UnLeakedTestBench,Python,zero_shot,qwen2.5-coder:7b,0,3.312,1,1,1,1,ambiguous_term|missing_actor|missing_expected_outcome|not_testable,ambiguous_term,1,0,3,1,0,3,0,0,0,0,3,1,human_audit,minor,minor,1,1,0,0,0,1,1,1.0,,28,0.95,0.85,0.0025000000000000044,0.9-1.0,0,0,0,1,1,1,0,0,1,0,0,0,1,0,0,0,0,0,1,0,0,0,1,0,0,0,0,0,1,0,0,0,1,0,0,0,0,0,0,0,0,0,0,0,0,0,0,0
ult_003,function_spec,UnLeakedTestBench,Python,zero_shot,qwen2.5-coder:7b,0,1.932,1,1,0,0,ambiguous_term|missing_expected_outcome,,0,0,2,0,0,4,0,0,1,0,2,0,human_audit,major,none,2,0,2,1,0,0,0,,,0,1.0,,0.0,0.9-1.0,1,0,0,1,0,0,0,1,0,0,0,0,0,0,0,0,0,0,1,0,0,0,1,0,0,0,0,0,0,0,0,0,0,0,0,0,0,0,0,0,0,0,0,0,0,0,0,0
ult_004,function_spec,UnLeakedTestBench,Python,zero_shot,qwen2.5-coder:7b,0,3.357,1,1,1,1,ambiguous_term|missing_expected_outcome,ambiguous_term,1,0,1,2,0,2,0,0,0,0,1,1,human_audit,major,minor,2,1,1,0,0,1,1,1.0,,104,0.75,0.8,0.0625,0.7-0.8,0,0,1,1,1,1,0,0,0,0,0,0,0,0,0,0,0,0,1,0,0,0,1,0,0,0,0,0,0,0,0,0,0,0,0,0,0,0,0,0,0,0,0,0,0,0,0,0
ult_005,function_spec,UnLeakedTestBench,Python,zero_shot,qwen2.5-coder:7b,0,3.414,1,1,1,1,ambiguous_term|missing_constraint|missing_expected_outcome|not_testable|overly_broad_requirement,ambiguous_term,1,0,4,1,0,4,0,0,0,0,4,1,human_audit,minor,minor,1,1,0,0,0,1,1,1.0,,22,0.75,0.8,0.0625,0.7-0.8,0,0,0,1,1,1,0,0,0,0,0,0,0,0,0,0,0,0,1,0,0,0,1,1,0,0,0,1,1,0,0,0,1,1,0,0,0,1,0,0,0,0,0,0,0,0,0,0
ult_015,function_spec,UnLeakedTestBench,Python,zero_shot,qwen2.5-coder:7b,0,3.276,1,1,1,1,ambiguous_term|missing_constraint|missing_expected_outcome|not_testable|overly_broad_requirement,ambiguous_term,1,0,4,1,0,4,0,0,0,0,4,1,human_audit,minor,minor,1,1,0,0,0,1,1,1.0,,19,0.75,0.8,0.0625,0.7-0.8,0,0,0,1,1,1,0,0,0,0,0,0,0,0,0,0,0,0,1,0,0,0,1,1,0,0,0,1,1,0,0,0,1,1,0,0,0,1,0,0,0,0,0,0,0,0,0,0
ult_023,function_spec,UnLeakedTestBench,Python,zero_shot,qwen2.5-coder:7b,0,1.823,1,1,0,0,ambiguous_term|missing_constraint|missing_expected_outcome|not_testable|unsupported_external_assumption,,0,0,5,0,0,5,0,0,1,0,5,0,human_audit,minor,none,1,0,1,0,0,0,0,,,0,1.0,,0.0,0.9-1.0,1,0,0,1,0,0,0,1,0,0,0,0,0,0,0,0,0,0,1,0,0,0,1,1,0,0,0,1,1,0,0,0,1,0,0,0,0,0,0,0,0,0,0,1,0,0,0,1
ult_028,function_spec,UnLeakedTestBench,Python,zero_shot,qwen2.5-coder:7b,0,1.856,1,1,0,0,ambiguous_term|missing_expected_outcome,,0,0,2,0,0,4,0,0,1,0,2,0,human_audit,major,none,2,0,2,1,0,0,0,,,0,1.0,,0.0,0.9-1.0,1,0,0,1,0,0,0,1,0,0,0,0,0,0,0,0,0,0,1,0,0,0,1,0,0,0,0,0,0,0,0,0,0,0,0,0,0,0,0,0,0,0,0,0,0,0,0,0
ult_046,function_spec,UnLeakedTestBench,Python,zero_shot,qwen2.5-coder:7b,0,1.658,1,1,0,0,ambiguous_term|missing_constraint|missing_expected_outcome|not_testable|overly_broad_requirement,,0,0,5,0,0,5,0,0,1,0,5,0,human_audit,minor,none,1,0,1,0,0,0,0,,,0,1.0,,0.0,0.9-1.0,1,0,0,1,0,0,0,1,0,0,0,0,0,0,0,0,0,0,1,0,0,0,1,1,0,0,0,1,1,0,0,0,1,1,0,0,0,1,0,0,0,0,0,0,0,0,0,0
ult_048,function_spec,UnLeakedTestBench,Python,zero_shot,qwen2.5-coder:7b,0,1.863,1,1,0,0,ambiguous_term|missing_constraint|missing_expected_outcome|not_testable|overly_broad_requirement,,0,0,5,0,0,5,0,0,1,0,5,0,human_audit,minor,none,1,0,1,0,0,0,0,,,0,1.0,,0.0,0.9-1.0,1,0,0,1,0,0,0,1,0,0,0,0,0,0,0,0,0,0,1,0,0,0,1,1,0,0,0,1,1,0,0,0,1,1,0,0,0,1,0,0,0,0,0,0,0,0,0,0
ult_063,function_spec,UnLeakedTestBench,Python,zero_shot,qwen2.5-coder:7b,0,3.015,1,1,1,1,ambiguous_term|missing_expected_outcome,ambiguous_term,1,0,1,2,0,2,0,0,0,0,1,1,human_audit,major,minor,2,1,1,0,0,1,1,1.0,,43,0.75,0.8,0.0625,0.7-0.8,0,0,1,1,1,1,0,0,0,0,0,0,0,0,0,0,0,0,1,0,0,0,1,0,0,0,0,0,0,0,0,0,0,0,0,0,0,0,0,0,0,0,0,0,0,0,0,0
ult_073,function_spec,UnLeakedTestBench,Python,zero_shot,qwen2.5-coder:7b,0,1.835,1,1,0,0,ambiguous_term|missing_expected_outcome,,0,0,2,0,0,4,0,0,1,0,2,0,human_audit,major,none,2,0,2,1,0,0,0,,,0,1.0,,0.0,0.9-1.0,1,0,0,1,0,0,0,1,0,0,0,0,0,0,0,0,0,0,1,0,0,0,1,0,0,0,0,0,0,0,0,0,0,0,0,0,0,0,0,0,0,0,0,0,0,0,0,0
ult_090,function_spec,UnLeakedTestBench,Python,zero_shot,qwen2.5-coder:7b,0,3.799,1,1,1,1,ambiguous_term|missing_expected_outcome,ambiguous_term,1,0,1,1,0,1,0,0,0,0,1,1,human_audit,minor,minor,1,1,0,0,0,1,1,1.0,,39,0.95,0.82,0.0025000000000000044,0.9-1.0,0,0,0,1,1,1,0,0,0,0,0,0,0,0,0,0,0,0,1,0,0,0,1,0,0,0,0,0,0,0,0,0,0,0,0,0,0,0,0,0,0,0,0,0,0,0,0,0
ult_098,function_spec,UnLeakedTestBench,Python,zero_shot,qwen2.5-coder:7b,0,1.757,1,1,0,0,ambiguous_term|inconsistent_condition|missing_actor|missing_constraint|missing_expected_outcome|missing_trigger|not_testable|overly_broad_requirement,,0,0,8,0,0,16,0,0,1,0,8,0,human_audit,major,none,2,0,2,1,0,0,0,,,0,1.0,,0.0,0.9-1.0,1,0,0,1,0,0,0,1,1,0,0,0,1,1,0,0,0,1,1,0,0,0,1,1,0,0,0,1,1,0,0,0,1,1,0,0,0,1,1,0,0,0,1,0,0,0,0,0
ult_106,function_spec,UnLeakedTestBench,Python,zero_shot,qwen2.5-coder:7b,0,1.687,1,1,0,0,ambiguous_term|missing_expected_outcome,,0,0,2,0,0,4,0,0,1,0,2,0,human_audit,major,none,2,0,2,1,0,0,0,,,0,1.0,,0.0,0.9-1.0,1,0,0,1,0,0,0,1,0,0,0,0,0,0,0,0,0,0,1,0,0,0,1,0,0,0,0,0,0,0,0,0,0,0,0,0,0,0,0,0,0,0,0,0,0,0,0,0
ult_112,function_spec,UnLeakedTestBench,Python,zero_shot,qwen2.5-coder:7b,0,1.738,1,1,0,0,ambiguous_term|missing_constraint|missing_expected_outcome|not_testable|overly_broad_requirement,,0,0,5,0,0,5,0,0,1,0,5,0,human_audit,minor,none,1,0,1,0,0,0,0,,,0,1.0,,0.0,0.9-1.0,1,0,0,1,0,0,0,1,0,0,0,0,0,0,0,0,0,0,1,0,0,0,1,1,0,0,0,1,1,0,0,0,1,1,0,0,0,1,0,0,0,0,0,0,0,0,0,0
ult_118,function_spec,UnLeakedTestBench,Python,zero_shot,qwen2.5-coder:7b,0,1.926,1,1,0,0,ambiguous_term|missing_constraint,,0,0,2,0,0,4,0,0,1,0,2,0,human_audit,major,none,2,0,2,1,0,0,0,,,0,1.0,,0.0,0.9-1.0,1,0,0,1,0,0,0,1,0,0,0,0,0,0,0,0,0,0,0,0,0,0,0,1,0,0,0,1,0,0,0,0,0,0,0,0,0,0,0,0,0,0,0,0,0,0,0,0
ult_125,function_spec,UnLeakedTestBench,Python,zero_shot,qwen2.5-coder:7b,0,1.809,1,1,0,0,missing_expected_outcome,,0,0,1,0,0,1,0,0,1,0,1,0,human_audit,minor,none,1,0,1,0,0,0,0,,,0,1.0,,0.0,0.9-1.0,1,0,0,0,0,0,0,0,0,0,0,0,0,0,0,0,0,0,1,0,0,0,1,0,0,0,0,0,0,0,0,0,0,0,0,0,0,0,0,0,0,0,0,0,0,0,0,0
ult_140,function_spec,UnLeakedTestBench,Python,zero_shot,qwen2.5-coder:7b,0,3.186,1,1,1,1,ambiguous_term|missing_expected_outcome,ambiguous_term,1,0,1,2,0,2,0,0,0,0,1,1,human_audit,major,minor,2,1,1,0,0,1,1,1.0,,34,0.75,0.8,0.0625,0.7-0.8,0,0,0,1,1,1,0,0,0,0,0,0,0,0,0,0,0,0,1,0,0,0,1,0,0,0,0,0,0,0,0,0,0,0,0,0,0,0,0,0,0,0,0,0,0,0,0,0
ult_142,function_spec,UnLeakedTestBench,Python,zero_shot,qwen2.5-coder:7b,0,1.842,1,1,0,0,missing_constraint|missing_expected_outcome,,0,0,2,0,0,4,0,0,1,0,2,0,human_audit,major,none,2,0,2,1,0,0,0,,,0,1.0,,0.0,0.9-1.0,1,0,0,0,0,0,0,0,0,0,0,0,0,0,0,0,0,0,1,0,0,0,1,1,0,0,0,1,0,0,0,0,0,0,0,0,0,0,0,0,0,0,0,0,0,0,0,0
ult_143,function_spec,UnLeakedTestBench,Python,zero_shot,qwen2.5-coder:7b,0,1.772,1,1,0,0,ambiguous_term|inconsistent_condition|missing_actor|missing_constraint|missing_expected_outcome|missing_trigger|not_testable|overly_broad_requirement,,0,0,8,0,0,16,0,0,1,0,8,0,human_audit,major,none,2,0,2,1,0,0,0,,,0,1.0,,0.0,0.9-1.0,1,0,0,1,0,0,0,1,1,0,0,0,1,1,0,0,0,1,1,0,0,0,1,1,0,0,0,1,1,0,0,0,1,1,0,0,0,1,1,0,0,0,1,0,0,0,0,0
ult_150,function_spec,UnLeakedTestBench,Python,zero_shot,qwen2.5-coder:7b,0,1.804,1,1,0,0,missing_expected_outcome,,0,0,1,0,0,2,0,0,1,0,1,0,human_audit,major,none,2,0,2,1,0,0,0,,,0,1.0,,0.0,0.9-1.0,1,0,0,0,0,0,0,0,0,0,0,0,0,0,0,0,0,0,1,0,0,0,1,0,0,0,0,0,0,0,0,0,0,0,0,0,0,0,0,0,0,0,0,0,0,0,0,0
ult_165,function_spec,UnLeakedTestBench,Python,zero_shot,qwen2.5-coder:7b,0,4.221,1,1,1,1,ambiguous_term|missing_expected_outcome,ambiguous_term,1,0,1,2,0,2,0,0,0,0,1,1,human_audit,major,minor,2,1,1,0,1,1,0,0.0,ambiguous_term,97,0.95,0.85,0.0025000000000000044,0.9-1.0,0,0,0,1,1,1,0,0,0,0,0,0,0,0,0,0,0,0,1,0,0,0,1,0,0,0,0,0,0,0,0,0,0,0,0,0,0,0,0,0,0,0,0,0,0,0,0,0
ult_170,function_spec,UnLeakedTestBench,Python,zero_shot,qwen2.5-coder:7b,0,1.854,1,1,0,0,ambiguous_term|missing_constraint,,0,0,2,0,0,4,0,0,1,0,2,0,human_audit,major,none,2,0,2,1,0,0,0,,,0,1.0,,0.0,0.9-1.0,1,0,0,1,0,0,0,1,0,0,0,0,0,0,0,0,0,0,0,0,0,0,0,1,0,0,0,1,0,0,0,0,0,0,0,0,0,0,0,0,0,0,0,0,0,0,0,0
ult_176,function_spec,UnLeakedTestBench,Python,zero_shot,qwen2.5-coder:7b,0,1.701,1,1,0,0,ambiguous_term|missing_constraint|missing_expected_outcome|overly_broad_requirement,,0,0,4,0,0,4,0,0,1,0,4,0,human_audit,minor,none,1,0,1,0,0,0,0,,,0,1.0,,0.0,0.9-1.0,1,0,0,1,0,0,0,1,0,0,0,0,0,0,0,0,0,0,1,0,0,0,1,1,0,0,0,1,0,0,0,0,0,1,0,0,0,1,0,0,0,0,0,0,0,0,0,0
ult_177,function_spec,UnLeakedTestBench,Python,zero_shot,qwen2.5-coder:7b,0,3.505,1,1,1,1,ambiguous_term|missing_constraint|missing_expected_outcome|not_testable|overly_broad_requirement,ambiguous_term,1,0,4,1,0,4,0,0,0,0,4,1,human_audit,minor,minor,1,1,0,0,0,1,1,1.0,,34,0.75,0.8,0.0625,0.7-0.8,0,0,0,1,1,1,0,0,0,0,0,0,0,0,0,0,0,0,1,0,0,0,1,1,0,0,0,1,1,0,0,0,1,1,0,0,0,1,0,0,0,0,0,0,0,0,0,0
ult_183,function_spec,UnLeakedTestBench,Python,zero_shot,qwen2.5-coder:7b,0,1.753,1,1,0,0,missing_expected_outcome,,0,0,1,0,0,2,0,0,1,0,1,0,human_audit,major,none,2,0,2,1,0,0,0,,,0,1.0,,0.0,0.9-1.0,1,0,0,0,0,0,0,0,0,0,0,0,0,0,0,0,0,0,1,0,0,0,1,0,0,0,0,0,0,0,0,0,0,0,0,0,0,0,0,0,0,0,0,0,0,0,0,0
ult_187,function_spec,UnLeakedTestBench,Python,zero_shot,qwen2.5-coder:7b,0,1.866,1,1,0,0,ambiguous_term|missing_expected_outcome,,0,0,2,0,0,4,0,0,1,0,2,0,human_audit,major,none,2,0,2,1,0,0,0,,,0,1.0,,0.0,0.9-1.0,1,0,0,1,0,0,0,1,0,0,0,0,0,0,0,0,0,0,1,0,0,0,1,0,0,0,0,0,0,0,0,0,0,0,0,0,0,0,0,0,0,0,0,0,0,0,0,0
ult_188,function_spec,UnLeakedTestBench,Python,zero_shot,qwen2.5-coder:7b,0,1.687,1,1,0,0,missing_expected_outcome,,0,0,1,0,0,2,0,0,1,0,1,0,human_audit,major,none,2,0,2,1,0,0,0,,,0,1.0,,0.0,0.9-1.0,1,0,0,0,0,0,0,0,0,0,0,0,0,0,0,0,0,0,1,0,0,0,1,0,0,0,0,0,0,0,0,0,0,0,0,0,0,0,0,0,0,0,0,0,0,0,0,0
ult_189,function_spec,UnLeakedTestBench,Python,zero_shot,qwen2.5-coder:7b,0,1.737,1,1,0,0,ambiguous_term,,0,0,1,0,0,1,0,0,1,0,1,0,human_audit,minor,none,1,0,1,0,0,0,0,,,0,1.0,,0.0,0.9-1.0,1,0,0,1,0,0,0,1,0,0,0,0,0,0,0,0,0,0,0,0,0,0,0,0,0,0,0,0,0,0,0,0,0,0,0,0,0,0,0,0,0,0,0,0,0,0,0,0
ult_197,function_spec,UnLeakedTestBench,Python,zero_shot,qwen2.5-coder:7b,0,2.776,1,1,1,1,missing_expected_outcome|missing_trigger,ambiguous_term,0,1,2,0,1,4,0,0,0,0,1,1,human_audit,major,minor,2,1,1,0,0,1,1,1.0,,43,0.75,0.8,0.0625,0.7-0.8,0,0,1,0,1,0,1,0,0,0,0,0,0,1,0,0,0,1,1,0,0,0,1,0,0,0,0,0,0,0,0,0,0,0,0,0,0,0,0,0,0,0,0,0,0,0,0,0
llmorph_001,testing_rule_spec,LLMorpheus,JavaScript/TypeScript,zero_shot,qwen2.5-coder:7b,0,1.828,1,0,0,1,,,0,0,0,0,0,0,1,0,0,0,0,0,human_audit,none,none,0,0,0,0,0,0,0,,,0,1.0,,1.0,0.9-1.0,0,0,0,0,0,0,0,0,0,0,0,0,0,0,0,0,0,0,0,0,0,0,0,0,0,0,0,0,0,0,0,0,0,0,0,0,0,0,0,0,0,0,0,0,0,0,0,0
llmorph_002,testing_rule_spec,LLMorpheus,JavaScript/TypeScript,zero_shot,qwen2.5-coder:7b,0,1.743,1,0,0,1,,,0,0,0,0,0,0,1,0,0,0,0,0,human_audit,none,none,0,0,0,0,0,0,0,,,0,1.0,,1.0,0.9-1.0,0,0,0,0,0,0,0,0,0,0,0,0,0,0,0,0,0,0,0,0,0,0,0,0,0,0,0,0,0,0,0,0,0,0,0,0,0,0,0,0,0,0,0,0,0,0,0,0
llmorph_003,testing_rule_spec,LLMorpheus,JavaScript/TypeScript,zero_shot,qwen2.5-coder:7b,0,1.793,1,0,0,1,,,0,0,0,0,0,0,1,0,0,0,0,0,human_audit,none,none,0,0,0,0,0,0,0,,,0,1.0,,1.0,0.9-1.0,0,0,0,0,0,0,0,0,0,0,0,0,0,0,0,0,0,0,0,0,0,0,0,0,0,0,0,0,0,0,0,0,0,0,0,0,0,0,0,0,0,0,0,0,0,0,0,0
llmorph_004,testing_rule_spec,LLMorpheus,JavaScript/TypeScript,zero_shot,qwen2.5-coder:7b,0,1.787,1,1,0,0,ambiguous_term|missing_constraint|missing_expected_outcome|not_testable|overly_broad_requirement,,0,0,5,0,0,5,0,0,1,0,5,0,human_audit,minor,none,1,0,1,0,0,0,0,,,0,1.0,,0.0,0.9-1.0,1,0,0,1,0,0,0,1,0,0,0,0,0,0,0,0,0,0,1,0,0,0,1,1,0,0,0,1,1,0,0,0,1,1,0,0,0,1,0,0,0,0,0,0,0,0,0,0
llmorph_005,testing_rule_spec,LLMorpheus,JavaScript/TypeScript,zero_shot,qwen2.5-coder:7b,0,1.744,1,0,0,1,,,0,0,0,0,0,0,1,0,0,0,0,0,human_audit,none,none,0,0,0,0,0,0,0,,,0,1.0,,1.0,0.9-1.0,0,0,0,0,0,0,0,0,0,0,0,0,0,0,0,0,0,0,0,0,0,0,0,0,0,0,0,0,0,0,0,0,0,0,0,0,0,0,0,0,0,0,0,0,0,0,0,0
jstvr_001,layout_change_spec,jstvr-webpages/responsiveprocess.com,HTML/CSS,zero_shot,qwen2.5-coder:7b,0,3.445,1,1,1,1,ambiguous_term|missing_constraint,ambiguous_term,1,0,1,2,0,2,0,0,0,0,1,1,human_audit,major,minor,2,1,1,0,0,1,1,1.0,,25,0.75,0.8,0.0625,0.7-0.8,0,0,1,1,1,1,0,0,0,0,0,0,0,0,0,0,0,0,0,0,0,0,0,1,0,0,0,1,0,0,0,0,0,0,0,0,0,0,0,0,0,0,0,0,0,0,0,0
jstvr_004,layout_change_spec,jstvr-webpages/responsiveprocess.com,HTML/CSS,zero_shot,qwen2.5-coder:7b,0,1.694,1,1,0,0,ambiguous_term|missing_constraint|missing_expected_outcome|not_testable|unsupported_external_assumption,,0,0,5,0,0,5,0,0,1,0,5,0,human_audit,minor,none,1,0,1,0,0,0,0,,,0,1.0,,0.0,0.9-1.0,1,0,0,1,0,0,0,1,0,0,0,0,0,0,0,0,0,0,1,0,0,0,1,1,0,0,0,1,1,0,0,0,1,0,0,0,0,0,0,0,0,0,0,1,0,0,0,1
jstvr_020,layout_change_spec,jstvr-webpages/paydemand.com,HTML/CSS,zero_shot,qwen2.5-coder:7b,0,1.701,1,1,0,0,ambiguous_term|missing_constraint,,0,0,2,0,0,4,0,0,1,0,2,0,human_audit,major,none,2,0,2,1,0,0,0,,,0,1.0,,0.0,0.9-1.0,1,0,0,1,0,0,0,1,0,0,0,0,0,0,0,0,0,0,0,0,0,0,0,1,0,0,0,1,0,0,0,0,0,0,0,0,0,0,0,0,0,0,0,0,0,0,0,0
jstvr_024,layout_change_spec,jstvr-webpages/bittorrent.com,HTML/CSS,zero_shot,qwen2.5-coder:7b,0,1.678,1,1,0,0,ambiguous_term|missing_constraint,,0,0,2,0,0,4,0,0,1,0,2,0,human_audit,major,none,2,0,2,1,0,0,0,,,0,1.0,,0.0,0.9-1.0,1,0,0,1,0,0,0,1,0,0,0,0,0,0,0,0,0,0,0,0,0,0,0,1,0,0,0,1,0,0,0,0,0,0,0,0,0,0,0,0,0,0,0,0,0,0,0,0
jstvr_026,layout_change_spec,jstvr-webpages/rebeccamade.com,HTML/CSS,zero_shot,qwen2.5-coder:7b,0,1.748,1,1,0,0,ambiguous_term|missing_constraint|missing_expected_outcome|not_testable|unsupported_external_assumption,,0,0,5,0,0,5,0,0,1,0,5,0,human_audit,minor,none,1,0,1,0,0,0,0,,,0,1.0,,0.0,0.9-1.0,1,0,0,1,0,0,0,1,0,0,0,0,0,0,0,0,0,0,1,0,0,0,1,1,0,0,0,1,1,0,0,0,1,0,0,0,0,0,0,0,0,0,0,1,0,0,0,1
jstvr_037,layout_change_spec,jstvr-webpages/getbootstrap.com,HTML/CSS,zero_shot,qwen2.5-coder:7b,0,1.817,1,1,0,0,ambiguous_term|missing_trigger,,0,0,2,0,0,4,0,0,1,0,2,0,human_audit,major,none,2,0,2,1,0,0,0,,,0,1.0,,0.0,0.9-1.0,1,0,0,1,0,0,0,1,0,0,0,0,0,1,0,0,0,1,0,0,0,0,0,0,0,0,0,0,0,0,0,0,0,0,0,0,0,0,0,0,0,0,0,0,0,0,0,0
jstvr_043,layout_change_spec,jstvr-webpages/bittorrent.com,HTML/CSS,zero_shot,qwen2.5-coder:7b,0,3.331,1,1,1,1,ambiguous_term|not_testable,ambiguous_term,1,0,1,2,0,2,0,0,0,0,1,1,human_audit,major,minor,2,1,1,0,0,1,1,1.0,,33,0.75,0.8,0.0625,0.7-0.8,0,0,1,1,1,1,0,0,0,0,0,0,0,0,0,0,0,0,0,0,0,0,0,0,0,0,0,0,1,0,0,0,1,0,0,0,0,0,0,0,0,0,0,0,0,0,0,0
jstvr_052,layout_change_spec,jstvr-webpages/rebeccamade.com,HTML/CSS,zero_shot,qwen2.5-coder:7b,0,1.743,1,1,0,0,ambiguous_term|missing_constraint|missing_expected_outcome|not_testable|unsupported_external_assumption,,0,0,5,0,0,5,0,0,1,0,5,0,human_audit,minor,none,1,0,1,0,0,0,0,,,0,1.0,,0.0,0.9-1.0,1,0,0,1,0,0,0,1,0,0,0,0,0,0,0,0,0,0,1,0,0,0,1,1,0,0,0,1,1,0,0,0,1,0,0,0,0,0,0,0,0,0,0,1,0,0,0,1
jstvr_058,layout_change_spec,jstvr-webpages/reserve.com,HTML/CSS,zero_shot,qwen2.5-coder:7b,0,1.765,1,1,0,0,ambiguous_term|missing_constraint,,0,0,2,0,0,4,0,0,1,0,2,0,human_audit,major,none,2,0,2,1,0,0,0,,,0,1.0,,0.0,0.9-1.0,1,0,0,1,0,0,0,1,0,0,0,0,0,0,0,0,0,0,0,0,0,0,0,1,0,0,0,1,0,0,0,0,0,0,0,0,0,0,0,0,0,0,0,0,0,0,0,0
jstvr_064,layout_change_spec,jstvr-webpages/issta.cispa,HTML/CSS,zero_shot,qwen2.5-coder:7b,0,1.731,1,1,0,0,ambiguous_term|missing_constraint,,0,0,2,0,0,4,0,0,1,0,2,0,human_audit,major,none,2,0,2,1,0,0,0,,,0,1.0,,0.0,0.9-1.0,1,0,0,1,0,0,0,1,0,0,0,0,0,0,0,0,0,0,0,0,0,0,0,1,0,0,0,1,0,0,0,0,0,0,0,0,0,0,0,0,0,0,0,0,0,0,0,0
jstvr_065,layout_change_spec,jstvr-webpages/reserve.com,HTML/CSS,zero_shot,qwen2.5-coder:7b,0,1.729,1,1,0,0,ambiguous_term|missing_constraint,,0,0,2,0,0,4,0,0,1,0,2,0,human_audit,major,none,2,0,2,1,0,0,0,,,0,1.0,,0.0,0.9-1.0,1,0,0,1,0,0,0,1,0,0,0,0,0,0,0,0,0,0,0,0,0,0,0,1,0,0,0,1,0,0,0,0,0,0,0,0,0,0,0,0,0,0,0,0,0,0,0,0
jstvr_068,layout_change_spec,jstvr-webpages/rebeccamade.com,HTML/CSS,zero_shot,qwen2.5-coder:7b,0,1.707,1,1,0,0,ambiguous_term|missing_constraint|missing_expected_outcome|not_testable|overly_broad_requirement,,0,0,5,0,0,5,0,0,1,0,5,0,human_audit,minor,none,1,0,1,0,0,0,0,,,0,1.0,,0.0,0.9-1.0,1,0,0,1,0,0,0,1,0,0,0,0,0,0,0,0,0,0,1,0,0,0,1,1,0,0,0,1,1,0,0,0,1,1,0,0,0,1,0,0,0,0,0,0,0,0,0,0
jstvr_085,layout_change_spec,jstvr-webpages/aftrnoon.com,HTML/CSS,zero_shot,qwen2.5-coder:7b,0,2.391,1,1,0,0,ambiguous_term|missing_constraint,,0,0,2,0,0,4,0,0,1,0,2,0,human_audit,major,none,2,0,2,1,0,0,0,,,0,1.0,,0.0,0.9-1.0,1,0,0,1,0,0,0,1,0,0,0,0,0,0,0,0,0,0,0,0,0,0,0,1,0,0,0,1,0,0,0,0,0,0,0,0,0,0,0,0,0,0,0,0,0,0,0,0
jstvr_093,layout_change_spec,jstvr-webpages/getbootstrap.com,HTML/CSS,zero_shot,qwen2.5-coder:7b,0,1.722,1,1,0,0,ambiguous_term|missing_constraint|missing_expected_outcome|not_testable|overly_broad_requirement,,0,0,5,0,0,5,0,0,1,0,5,0,human_audit,minor,none,1,0,1,0,0,0,0,,,0,1.0,,0.0,0.9-1.0,1,0,0,1,0,0,0,1,0,0,0,0,0,0,0,0,0,0,1,0,0,0,1,1,0,0,0,1,1,0,0,0,1,1,0,0,0,1,0,0,0,0,0,0,0,0,0,0
jstvr_107,layout_change_spec,jstvr-webpages/paydemand.com,HTML/CSS,zero_shot,qwen2.5-coder:7b,0,1.906,1,1,0,0,ambiguous_term|missing_constraint,,0,0,2,0,0,4,0,0,1,0,2,0,human_audit,major,none,2,0,2,1,0,0,0,,,0,1.0,,0.0,0.9-1.0,1,0,0,1,0,0,0,1,0,0,0,0,0,0,0,0,0,0,0,0,0,0,0,1,0,0,0,1,0,0,0,0,0,0,0,0,0,0,0,0,0,0,0,0,0,0,0,0
jstvr_111,layout_change_spec,jstvr-webpages/shield.com,HTML/CSS,zero_shot,qwen2.5-coder:7b,0,1.78,1,1,0,0,ambiguous_term|missing_constraint|missing_expected_outcome|not_testable|unsupported_external_assumption,,0,0,5,0,0,5,0,0,1,0,5,0,human_audit,minor,none,1,0,1,0,0,0,0,,,0,1.0,,0.0,0.9-1.0,1,0,0,1,0,0,0,1,0,0,0,0,0,0,0,0,0,0,1,0,0,0,1,1,0,0,0,1,1,0,0,0,1,0,0,0,0,0,0,0,0,0,0,1,0,0,0,1
jstvr_114,layout_change_spec,jstvr-webpages/aftrnoon.com,HTML/CSS,zero_shot,qwen2.5-coder:7b,0,1.843,1,1,0,0,ambiguous_term|not_testable,,0,0,2,0,0,4,0,0,1,0,2,0,human_audit,major,none,2,0,2,1,0,0,0,,,0,1.0,,0.0,0.9-1.0,1,0,0,1,0,0,0,1,0,0,0,0,0,0,0,0,0,0,0,0,0,0,0,0,0,0,0,0,1,0,0,0,1,0,0,0,0,0,0,0,0,0,0,0,0,0,0,0
jstvr_117,layout_change_spec,jstvr-webpages/annettescreations.net,HTML/CSS,zero_shot,qwen2.5-coder:7b,0,1.778,1,1,0,0,ambiguous_term|missing_constraint,,0,0,2,0,0,4,0,0,1,0,2,0,human_audit,major,none,2,0,2,1,0,0,0,,,0,1.0,,0.0,0.9-1.0,1,0,0,1,0,0,0,1,0,0,0,0,0,0,0,0,0,0,0,0,0,0,0,1,0,0,0,1,0,0,0,0,0,0,0,0,0,0,0,0,0,0,0,0,0,0,0,0
jstvr_118,layout_change_spec,jstvr-webpages/shield.com,HTML/CSS,zero_shot,qwen2.5-coder:7b,0,1.771,1,1,0,0,ambiguous_term|missing_constraint|missing_expected_outcome|not_testable|unsupported_external_assumption,,0,0,5,0,0,5,0,0,1,0,5,0,human_audit,minor,none,1,0,1,0,0,0,0,,,0,1.0,,0.0,0.9-1.0,1,0,0,1,0,0,0,1,0,0,0,0,0,0,0,0,0,0,1,0,0,0,1,1,0,0,0,1,1,0,0,0,1,0,0,0,0,0,0,0,0,0,0,1,0,0,0,1
jstvr_119,layout_change_spec,jstvr-webpages/issta.cispa,HTML/CSS,zero_shot,qwen2.5-coder:7b,0,1.76,1,1,0,0,ambiguous_term|missing_constraint|missing_expected_outcome|not_testable|unsupported_external_assumption,,0,0,5,0,0,5,0,0,1,0,5,0,human_audit,minor,none,1,0,1,0,0,0,0,,,0,1.0,,0.0,0.9-1.0,1,0,0,1,0,0,0,1,0,0,0,0,0,0,0,0,0,0,1,0,0,0,1,1,0,0,0,1,1,0,0,0,1,0,0,0,0,0,0,0,0,0,0,1,0,0,0,1
