audit_id,task_id,source_type,gold_label_source,repo,language,statement,silver_has_defect,silver_defect_types,silver_severity,review_has_defect,review_defect_types,review_severity,label_agreement,review_notes
audit_001,ac_044,acceptance_criterion,rule_seeded,apache/dubbo,Java,The consumer collector should be able to belong to the domain container according to the actual scenario and process data based on specific internal configurations.,True,missing_actor,minor,TRUE,ambiguous_term|missing_actor|not_testable,minor,,"The statement lacks a clear actor, uses vague terms such as “actual scenario” and “specific internal configurations,” and does not specify any observable expected outcome. Therefore, it is considered a defect with minor severity."
audit_002,ult_002,function_spec,test_oracle_derived,UnLeakedTestBench,Python,Function `BinaryFromFraction` should Converts x = num / den to IEEE binary floatingpoint x' = f 2^e.,True,missing_trigger,minor,TRUE,ambiguous_term|missing_actor|missing_expected_outcome|not_testable,minor,agree,"Statement mô tả hành động chuyển đổi nhưng thiếu actor, thiếu kết quả mong đợi và dùng thuật ngữ mơ hồ (“IEEE binary floatingpoint”). Không thể kiểm thử trực tiếp. Đánh giá defect = TRUE, severity = minor, đồng ý với nhãn silver."
audit_003,syn_002,synthetic_defect,synthetic_injected,Arcticons,Android,"Given the user is on the Icons screen, then the app should display the first result in the list.",True,missing_trigger,minor,TRUE,ambiguous_term|missing_constraint|not_testable|unsupported_external_assumption,minor,,"Statement mô tả hành vi hiển thị nhưng không xác định rõ “first result” là gì, thiếu ràng buộc và thiếu expected cụ thể để test. Điều này khiến requirement mơ hồ và khó kiểm thử. Đánh giá defect = TRUE, severity = minor,"
audit_004,issue_066,issue_statement,rule_seeded,django/django,Python,"Allow FilePathField path to accept a callable.
Description
	
I have a special case where I want to create a model containing the path to some local files on the server/dev machine. Seeing as the place where these files are stored is different on different machines I have the following:
import os
from django.conf import settings
from django.db import models
class LocalFiles(models.Model):
	name = models.CharField(max_length=255)
	file = models.FilePathField(path=os.path.join(settings.LOCAL_FILE_DIR, 'example_dir'))
Now when running manage.py makemigrations it will resolve the path based on the machine it is being run on. Eg: /home/<username>/server_files/example_dir
I had to manually change the migration to include the os.path.join() part to not break this when running the migration on production/other machine.",False,,none,TRUE,ambiguous_term|missing_expected_outcome|missing_constraint|not_testable|unsupported_external_assumption,minor,,"Statement mô tả vấn đề nhưng thiếu expected behavior, thiếu ràng buộc môi trường và không xác định rõ hành vi đúng của migration. Điều này khiến requirement mơ hồ và khó kiểm thử. Đánh giá defect = TRUE, severity = minor."
audit_005,issue_039,issue_statement,rule_seeded,coder/code-server,TypeScript,"Add option to set unix socket permissions
Hello,

when using the --socket option, I can tell code-server which socket to use, but not the permissions. At the moment the default permissions are 0755, which means that only the user is able to write to the socket while it's world readable...

When running together with a web server, it'd be nice if it could be set to 0770 and giving the group name/id so that a common group between web server and code-server would be possible.

Something like:

--socket /var/run/code-server.sock,0770,user,group
--socket /var/run/code-server.sock,0770,,group

Also, the server doesn't clean up the socket when it goes down and on a restart it errors out with address already in use...

I'm using workarounds at the moment, but it would be better if code-server could take care of it on its own.",True,ambiguous_term|missing_expected_outcome|not_testable,major,TRUE,ambiguous_term|missing_trigger|missing_expected_outcome|not_testable|overly_broad_requirement|unsupported_external_assumption,minor,,"The statement mixes multiple concerns (permission configuration and socket cleanup), lacks clear expected behavior, and does not specify when actions should occur. Several terms are vague, and the requirement cannot be tested as written. Therefore, it is considered a defect with minor severity."
audit_006,issue_045,issue_statement,rule_seeded,microsoft/vscode,TypeScript,"camelcase snippet variable format
<!-- ⚠️⚠️ Do Not Delete This! feature_request_template ⚠️⚠️ -->
<!-- Please read our Rules of Conduct: https://opensource.microsoft.com/codeofconduct/ -->
<!-- Please search existing issues to avoid creating duplicates. -->

<!-- Describe the feature you'd like. -->

I see the grammar at https://code.visualstudio.com/docs/editor/userdefinedsnippets#_grammar only supports `upcase`, `downcase`, and `capitalize` for format options. can there be a `camelcase` option that would transform the match text into camelCase?

Thanks for the awesome work!",True,missing_actor|missing_trigger,minor,TRUE,ambiguous_term|missing_expected_outcome|missing_constraint|not_testable|unsupported_external_assumption,minor,,"The statement is a feature request but lacks clear expected behavior, constraints, and testable output. Terms like “camelcase option” are underspecified, making the requirement ambiguous and not testable. Therefore, it is considered a defect with minor severity."
audit_007,ac_055,acceptance_criterion,rule_seeded,mrdoob/three.js,JavaScript,"Given a GLTF file with morph targets, when the morph target data is specified as relative adjustments and three.js assumes absolute values, then the shader should be updated to handle both glTF style files and normal files correctly.",True,ambiguous_term|overly_broad_requirement,minor,TRUE,ambiguous_term|missing_expected_outcome|missing_constraint|not_testable|unsupported_external_assumption,minor,,"The statement is ambiguous and lacks clear expected behavior for how the shader should process relative versus absolute morph target data. It also omits constraints and does not provide testable outcomes. Therefore, it is considered a defect with minor severity."
audit_008,jstvr_111,layout_change_spec,mutation_description_derived,jstvr-webpages/shield.com,HTML/CSS,"For responsive layout regression testing on `shield.com`, the page should preserve the intended layout behavior after this mutant change: Changed content in <p>Lorem Ipsum is simply dummy text of the printing </p>.",True,missing_actor,minor,TRUE,ambiguous_term|missing_expected_outcome|missing_constraint|not_testable|unsupported_external_assumption,minor,,"The statement is vague and does not define what the “intended layout behavior” is or how the page should appear after the mutation. It lacks constraints, expected outcomes, and testable criteria, making it ambiguous and not testable. Therefore, it is considered a defect with minor severity."
audit_009,issue_082,issue_statement,rule_seeded,Enchanted_Fortress,Android,"description: An Android turn-based fantasy fortress-building strategy game where players start or continue sessions, configure character and difficulty, manage workers and research across turns, view the hall of fame, read story/help, and adjust settings such as theme and leaderboard resets.

feature-1: Start a new game by naming a character, choosing a difficulty, and beginning gameplay from the setup screen.
sub-feature 1-1: From the main menu, tapping the ""hr.kravarscan.enchantedfortress:id/newGameButton"" opens the setup screen; entering ""kk"" into ""hr.kravarscan.enchantedfortress:id/nameInput"" sets the player name; tapping ""hr.kravarscan.enchantedfortress:id/difficultySelection"" and choosing the option with text ""Easy"" sets the difficulty; pressing ""hr.kravarscan.enchantedfortress:id/startButton"" begins gameplay, and using the Android system Back action returns to the previous screen.
sub-feature 1-3: Tapping the ""hr.kravarscan.enchantedfortress:id/continueButton"" resumes the current session from the main menu, and pressing the system Back button returns to the main menu.
sub-feature1-2: Tapping the Hall of Fame entry with resource-id ""hr.kravarscan.enchantedfortress:id/scoresBu
...[truncated]",False,,none,TRUE,ambiguous_term|missing_expected_outcome|missing_constraint|not_testable|overly_broad_requirement|unsupported_external_assumption,minor,,"The statement is overly broad and mixes multiple unrelated features without defining expected behavior, constraints, or testable outcomes. It is ambiguous and cannot be validated as written. Therefore, it is considered a defect with minor severity."
audit_010,syn_024,synthetic_defect,synthetic_injected,apache/dubbo,Java,"Given a MetadataServiceExporter instance, when the metadata protocol port is not specified and no user-defined application protocol is provided, then if the user environment does not contain a configured protocol, the default should be dubbo. This must follow the undocumented third-party policy.",True,unsupported_external_assumption,minor,TRUE,ambiguous_term|missing_actor|missing_expected_outcome|missing_constraint|not_testable|unsupported_external_assumption,minor,,"The statement is ambiguous, lacks a clear actor, and does not define expected behavior or constraints. It also relies on an undefined “undocumented third‑party policy,” making the requirement unverifiable and not testable. Therefore, it is considered a defect with minor severity."
audit_011,issue_050,issue_statement,rule_seeded,django/django,Python,"Set default FILE_UPLOAD_PERMISSION to 0o644.
Description
	
Hello,
As far as I can see, the ​File Uploads documentation page does not mention any permission issues.
What I would like to see is a warning that in absence of explicitly configured FILE_UPLOAD_PERMISSIONS, the permissions for a file uploaded to FileSystemStorage might not be consistent depending on whether a MemoryUploadedFile or a TemporaryUploadedFile was used for temporary storage of the uploaded data (which, with the default FILE_UPLOAD_HANDLERS, in turn depends on the uploaded data size).
The tempfile.NamedTemporaryFile + os.rename sequence causes the resulting file permissions to be 0o0600 on some systems (I experience it here on CentOS 7.4.1708 and Python 3.6.5). In all probability, the implementation of Python's built-in tempfile module explicitly sets such permissions for temporary files due to security considerations.
I found mentions of this issue ​on GitHub, but did not manage to find any existing bug report in Django's bug tracker.",False,,none,TRUE,ambiguous_term|missing_expected_outcome|missing_constraint|not_testable|unsupported_external_assumption,minor,,"The statement describes inconsistent file permissions but does not define the expected behavior, constraints, or desired outcome. It mixes documentation issues with system behavior and relies on assumptions about how Django should handle OS-level temporary file permissions. The requirement is ambiguous and not testable, so it is considered a defect with minor severity."
audit_012,jstvr_119,layout_change_spec,mutation_description_derived,jstvr-webpages/issta.cispa,HTML/CSS,"For responsive layout regression testing on `issta.cispa`, the page should preserve the intended layout behavior after this mutant change: Changed expression to max-width in.",True,missing_actor,minor,TRUE,ambiguous_term|missing_expected_outcome|missing_constraint|not_testable|unsupported_external_assumption,minor,,"The statement is vague and does not define what the “intended layout behavior” is or how the page should appear after the mutation. It lacks constraints, expected outcomes, and testable criteria, making it ambiguous and not testable. Therefore, it is considered a defect with minor severity."
audit_013,ult_023,function_spec,test_oracle_derived,UnLeakedTestBench,Python,Function `windows_k_distinct` should Find all largest windows containing exactly k distinct elements.,True,missing_trigger|overly_broad_requirement,minor,TRUE,ambiguous_term|missing_expected_outcome|missing_constraint|not_testable|unsupported_external_assumption,minor,,"The statement is ambiguous and lacks clear expected behavior. It does not define what “largest windows” means or what the function should return. Without constraints or a testable expected outcome, the requirement is incomplete and not verifiable. Therefore, it is considered a defect with minor severity."
audit_014,jstvr_052,layout_change_spec,mutation_description_derived,jstvr-webpages/rebeccamade.com,HTML/CSS,"For responsive layout regression testing on `rebeccamade.com`, the page should preserve the intended layout behavior after this mutant change: Changed term from left to none.",True,missing_actor,minor,TRUE,ambiguous_term|missing_expected_outcome|missing_constraint|not_testable|unsupported_external_assumption,minor,,"The statement is vague and does not define what the “intended layout behavior” is or how the page should appear after the mutation. It lacks constraints, expected outcomes, and testable criteria, making it ambiguous and not testable. Therefore, it is considered a defect with minor severity."
audit_015,jstvr_118,layout_change_spec,mutation_description_derived,jstvr-webpages/shield.com,HTML/CSS,"For responsive layout regression testing on `shield.com`, the page should preserve the intended layout behavior after this mutant change: Added a class to element.",False,,none,TRUE,ambiguous_term|missing_expected_outcome|missing_constraint|not_testable|unsupported_external_assumption,minor,,"The statement is vague and does not define what the “intended layout behavior” is or how the page should appear after the mutation. It lacks constraints, expected outcomes, and testable criteria, making it ambiguous and not testable. Therefore, it is considered a defect with minor severity."
audit_016,ult_046,function_spec,test_oracle_derived,UnLeakedTestBench,Python,Function `min_edit_script` should Finds the minimum edit script to transform the source to the target.,True,missing_trigger,minor,TRUE,ambiguous_term|missing_expected_outcome|missing_constraint|not_testable|overly_broad_requirement,minor,,"The statement is ambiguous and incomplete. It does not define what an “edit script” consists of, what operations are allowed, or what the function should return. Without constraints or a testable expected outcome, the requirement is not verifiable. Therefore, it is considered a defect with minor severity."
audit_017,jstvr_093,layout_change_spec,mutation_description_derived,jstvr-webpages/getbootstrap.com,HTML/CSS,"For responsive layout regression testing on `getbootstrap.com`, the page should preserve the intended layout behavior after this mutant change: Added a class to element.",False,,none,TRUE,ambiguous_term|missing_expected_outcome|missing_constraint|not_testable|overly_broad_requirement,minor,,"The statement is ambiguous and incomplete. It does not define what an “edit script” consists of, what operations are allowed, or what the function should return. Without constraints or a testable expected outcome, the requirement is not verifiable. Therefore, it is considered a defect with minor severity."
audit_018,jstvr_004,layout_change_spec,mutation_description_derived,jstvr-webpages/responsiveprocess.com,HTML/CSS,"For responsive layout regression testing on `responsiveprocess.com`, the page should preserve the intended layout behavior after this mutant change: Changed class in element <li class=""content""><a href=""#deploy"">Deploy</a> </li>.",False,,none,TRUE,ambiguous_term|missing_expected_outcome|missing_constraint|not_testable|unsupported_external_assumption,minor,,"The statement is vague and does not define what the “intended layout behavior” is or how the page should appear after the mutation. It lacks constraints, expected outcomes, and testable criteria, making it ambiguous and not testable. Therefore, it is considered a defect with minor severity."
audit_019,ult_048,function_spec,test_oracle_derived,UnLeakedTestBench,Python,"Function `featurize_finance` should Converts a single monetary investment into an extracted feature vector, where the amount is bucketed based on magnitude.",False,,none,TRUE,ambiguous_term|missing_expected_outcome|missing_constraint|not_testable|overly_broad_requirement,minor,,"The statement is ambiguous and incomplete. It does not define what the feature vector should include, how magnitude-based bucketing works, or what the output format is. Without constraints or a testable expected outcome, the requirement is not verifiable. Therefore, it is considered a defect with minor severity."
audit_020,issue_072,issue_statement,rule_seeded,django/django,Python,"HttpResponse doesn't handle memoryview objects
Description
	
I am trying to write a BinaryField retrieved from the database into a HttpResponse. When the database is Sqlite this works correctly, but Postgresql returns the contents of the field as a memoryview object and it seems like current Django doesn't like this combination:
from django.http import HttpResponse																	 
# String content
response = HttpResponse(""My Content"")																			
response.content																								 
# Out: b'My Content'
# This is correct
# Bytes content
response = HttpResponse(b""My Content"")																		 
response.content																								 
# Out: b'My Content'
# This is also correct
# memoryview content
response = HttpResponse(memoryview(b""My Content""))															 
response.content
# Out: b'<memory at 0x7fcc47ab2648>'
# This is not correct, I am expecting b'My Content'",True,ambiguous_term|missing_expected_outcome|missing_constraint,major,TRUE,ambiguous_term|missing_expected_outcome|missing_constraint|not_testable|unsupported_external_assumption,minor,,"The issue description shows unexpected behavior when passing a memoryview to HttpResponse, but the statement does not define the expected behavior, constraints, or rules for handling memoryview objects. Without a clear expected outcome, the requirement is ambiguous and not testable. Therefore, it is considered a defect with minor severity."
audit_021,issue_056,issue_statement,rule_seeded,pylint-dev/pylint,Python,"""--notes"" option ignores note tags that are entirely punctuation
### Bug description

If a note tag specified with the `--notes` option is entirely punctuation, pylint won't report a fixme warning (W0511).

```python
# YES: yes
# ???: no
```

`pylint test.py --notes=""YES,???""` will return a fixme warning (W0511) for the first line, but not the second.

### Configuration

```ini
Default
```

### Command used

```shell
pylint test.py --notes=""YES,???""
```

### Pylint output

```shell
************* Module test
test.py:1:1: W0511: YES: yes (fixme)
```

### Expected behavior

```
************* Module test
test.py:1:1: W0511: YES: yes (fixme)
test.py:2:1: W0511: ???: no (fixme)
```

### Pylint version

```shell
pylint 2.12.2
astroid 2.9.0
Python 3.10.2 (main, Feb  2 2022, 05:51:25) [Clang 13.0.0 (clang-1300.0.29.3)]
```

### OS / Environment

macOS 11.6.1

### Additional dependencies

_No response_",False,,none,TRUE,ambiguous_term|missing_actor|missing_expected_outcome|missing_constraint|not_testable|unsupported_external_assumption,minor,,"The issue describes unexpected behavior when using punctuation-only note tags, but the statement does not define the expected rule, constraints, or responsible component. Without a clear expected outcome or specification for how punctuation-only tags should be handled, the requirement is ambiguous and not testable. Therefore, it is considered a defect with minor severity."
audit_022,syn_033,synthetic_defect,synthetic_injected,mrdoob/three.js,JavaScript,"Given a mesh with LODs, when the user moves their head beyond the threshold distance of an LOD boundary, then the LOD should appear. The behavior should work properly in all relevant cases.",True,ambiguous_term,minor,TRUE,ambiguous_term|missing_trigger|missing_expected_outcome|missing_constraint|not_testable|unsupported_external_assumption,minor,,"The statement is ambiguous and lacks clear expected behavior. It does not define the threshold distance, the LOD switching rules, or how head movement is detected. Without constraints or measurable outcomes, the requirement is not testable. Therefore, it is considered a defect with minor severity."
audit_023,ult_015,function_spec,test_oracle_derived,UnLeakedTestBench,Python,Function `needleman_wunsch0` should NeedlemanWunsch algorithm for sequience alignment with match score equal +1.,False,,none,TRUE,ambiguous_term|missing_expected_outcome|missing_constraint|not_testable|overly_broad_requirement,minor,,"The statement is incomplete and ambiguous. It does not define the scoring scheme beyond match = +1, nor does it specify gap penalties, mismatch scores, or the expected output format. Without these details, the requirement is not testable and cannot be validated. Therefore, it is considered a defect with minor severity."
audit_024,ult_005,function_spec,test_oracle_derived,UnLeakedTestBench,Python,Function `_remove_strings` should Remove strings in code.,True,missing_trigger,minor,TRUE,ambiguous_term|missing_expected_outcome|missing_constraint|not_testable|overly_broad_requirement,minor,,"The requirement is vague and incomplete. It does not define what counts as a “string,” what the function should output, or how to handle edge cases. Without clear expected behavior or constraints, the requirement is not testable. Therefore, it is considered a defect with minor severity."
audit_025,jstvr_026,layout_change_spec,mutation_description_derived,jstvr-webpages/rebeccamade.com,HTML/CSS,"For responsive layout regression testing on `rebeccamade.com`, the page should preserve the intended layout behavior after this mutant change: Added a class to element.",False,,none,TRUE,ambiguous_term|missing_expected_outcome|missing_constraint|not_testable|unsupported_external_assumption,minor,,"The statement is vague and does not define what the “intended layout behavior” is or how the page should appear after the mutation. It lacks constraints, expected outcomes, and testable criteria, making it ambiguous and not testable. Therefore, it is considered a defect with minor severity."
audit_026,ac_063,acceptance_criterion,rule_seeded,huggingface/transformers,Python,"Given a GPT-2 model, when mixed precision training is enabled and the attention computation is upcasted, then the model should not experience numerical instability.",False,,none,TRUE,ambiguous_term|missing_trigger|missing_expected_outcome|missing_constraint|not_testable|unsupported_external_assumption,minor,,"The statement is vague and lacks measurable criteria. It does not define what counts as numerical instability, how mixed precision and upcasting are configured, or what stable behavior should look like. Without constraints or testable outcomes, the requirement is ambiguous and not verifiable. Therefore, it is considered a defect with minor severity."
audit_027,ult_176,function_spec,test_oracle_derived,UnLeakedTestBench,Python,Function `rsplit_longest_suffix` should Splitout longest matching suffix from uniform name string.,True,missing_trigger,minor,TRUE,ambiguous_term|missing_expected_outcome|missing_constraint|overly_broad_requirement,minor,,"The requirement is vague and incomplete. It does not define what counts as a “uniform name string,” how suffix matching works, or what the function should output. Without clear rules or expected outcomes, the requirement is not testable. Therefore, it is considered a defect with minor severity."
audit_028,ult_177,function_spec,test_oracle_derived,UnLeakedTestBench,Python,Function `compute_right` should Precompute the prefix maximal content`k` subwords of `word`.,True,missing_trigger,minor,TRUE,ambiguous_term|missing_expected_outcome|missing_constraint|not_testable|overly_broad_requirement,minor,,"The requirement is vague and incomplete. It does not define what “prefix maximal content k subwords” means, how k is used, or what the function should output. Without clear definitions, constraints, or expected outcomes, the requirement is not testable. Therefore, it is considered a defect with minor severity."
audit_029,issue_080,issue_statement,rule_seeded,DiskUsage,Android,"description: An app (com.google.android.diskusage) for visualizing disk usage, letting users browse storage volumes, search within them, and manage rescanning, rendering mode, and app information.

feature 1: Visualize and explore storage volumes through an interactive usage view.
sub-feature 1-1: When opening the app, the user selects the ""Storage card"" entry identified by resource-id ""android:id/text1"" and text ""Storage card"" to open its contents; the interactive visualization loads in the main content area ""android:id/content"", and tapping within this content surface (""android:id/content"") drills down or reveals details for the tapped region, confirming touch-responsive navigation within the storage hierarchy.

feature 2: Quickly search within the current storage view to find space-consuming items.
sub-feature 2-1: After tapping the ""Storage card"" entry (""android:id/text1""), the user opens search via the button ""android:id/search_button"", focuses the query field ""android:id/search_src_text"", and enters the term ""Apps"" into ""android:id/search_src_text"" to trigger in-app filtering that narrows the current ""Storage card"" view to items matching “Apps.”

feature 3: Control rescanning
...[truncated]",False,,none,TRUE,ambiguous_term|missing_actor|missing_trigger|missing_expected_outcome|missing_constraint|not_testable|overly_broad_requirement,minor,,"The statement describes multiple features and UI interactions but does not identify a specific issue, expected behavior, or failure condition. It lacks a clear trigger, actor, and testable outcome. As written, it is ambiguous, overly broad, and not testable. Therefore, it is considered a defect with minor severity."
audit_030,syn_053,synthetic_defect,synthetic_injected,huggingface/transformers,Python,"The feature should be high quality, intuitive, and reliable.",True,not_testable,major,TRUE,ambiguous_term|missing_actor|missing_expected_outcome|missing_constraint|not_testable|overly_broad_requirement,minor,,"The statement is entirely subjective and lacks measurable criteria. Terms like “high quality,” “intuitive,” and “reliable” are undefined and cannot be tested. No actor, constraints, or expected outcomes are provided. Therefore, the requirement is ambiguous, overly broad, and not testable, and is considered a defect with minor severity."
audit_031,llmorph_004,testing_rule_spec,rule_spec_derived,LLMorpheus,JavaScript/TypeScript,"For JavaScript mutation testing, when a code line matches `<Expr> || {} -> <Expr>`, the mutator should replace binary || expression with its first operand if the second operand is an empty object literal. The rule applies only to ""||""-expressions. The rewritten expression should not contain ""{}"" anymore.",True,missing_actor|inconsistent_condition,major,TRUE,ambiguous_term|missing_expected_outcome|missing_constraint|not_testable|overly_broad_requirement,minor,,"The rule description is incomplete. It does not define how <Expr> is parsed, how the mutator identifies an empty object literal, or how the rewritten expression should be formatted. Without clear constraints or expected outcomes, the rule is ambiguous and not testable. Therefore, it is considered a defect with minor severity."
audit_032,syn_085,synthetic_defect,synthetic_injected,django/django,Python,"The feature should be high quality, intuitive, and reliable.",True,not_testable,major,TRUE,ambiguous_term|missing_actor|missing_expected_outcome|missing_constraint|not_testable|overly_broad_requirement,minor,,"The requirement is entirely subjective and lacks measurable criteria. Words like “high quality,” “intuitive,” and “reliable” are undefined, and the statement provides no actor, constraints, or expected outcomes. As written, it is ambiguous, overly broad, and not testable. Therefore, it is considered a defect with minor severity."
audit_033,ac_013,acceptance_criterion,rule_seeded,CityZen,Android,Opening the 'Fast food' category by tapping the item with resource-id 'com.cityzen.cityzen:id/poi_title' and text 'Fast food' reveals relevant fast food points of interest.,True,missing_actor|missing_expected_outcome|not_testable,major,TRUE,ambiguous_term|missing_trigger|missing_expected_outcome|missing_constraint|not_testable|unsupported_external_assumption,minor,,"The statement is vague and lacks measurable expected outcomes. It does not specify what UI elements should appear after tapping the 'Fast food' item, nor does it define constraints or triggers. Without clear expected behavior, the requirement is ambiguous and not testable. Therefore, it is considered a defect with minor severity."
audit_034,syn_043,synthetic_defect,synthetic_injected,huggingface/transformers,Python,"Given a GPT-2 model, when mixed precision training is enabled and the attention computation is upcasted, then the behavior is completed.",True,missing_expected_outcome,major,TRUE,ambiguous_term|missing_trigger|missing_expected_outcome|missing_constraint|not_testable|overly_broad_requirement,minor,,"The statement is vague and non‑functional. The phrase “the behavior is completed” provides no meaningful expected outcome, making the requirement untestable. It lacks constraints, triggers, and measurable results. Therefore, it is considered a defect with minor severity."
audit_035,ult_112,function_spec,test_oracle_derived,UnLeakedTestBench,Python,Function `getLCCoeff` should Label generating LC coefficients for various rates and memory sizes.,True,missing_trigger|missing_constraint|overly_broad_requirement,major,TRUE,ambiguous_term|missing_expected_outcome|missing_constraint|not_testable|overly_broad_requirement,minor,,"The requirement is vague and incomplete. It does not define LC coefficients, how they should be generated, what inputs are expected, or what the function should output. Without clear definitions, constraints, or expected outcomes, the requirement is not testable. Therefore, it is considered a defect with minor severity."
audit_036,syn_015,synthetic_defect,synthetic_injected,django/django,Python,"Given a Django project with the default settings, when a small file is uploaded using FileSystemStorage without explicitly configuring FILE_UPLOAD_PERMISSIONS, then the permissions of the uploaded file should be set to 0o644. The same option should be enabled and disabled by default.",True,inconsistent_condition,major,TRUE,ambiguous_term|missing_expected_outcome|missing_constraint|not_testable|inconsistent_condition|unsupported_external_assumption,minor,,"The requirement contains a contradiction: it states that the option should be both enabled and disabled by default. It also lacks clarity about expected behavior, constraints, and environment-specific factors that influence file permissions. Because of the inconsistency and missing details, the requirement is ambiguous and not testable. Therefore, it is considered a defect with minor severity."
audit_037,ac_088,acceptance_criterion,rule_seeded,coder/code-server,TypeScript,"Given a code-server instance configured with the `--socket` option, when setting permissions to `0770`, then the socket should be created with the specified permissions and ownership.",False,,none,TRUE,ambiguous_term|missing_expected_outcome|missing_constraint|not_testable|unsupported_external_assumption,minor,,"The requirement is incomplete. It does not define the expected owner/group of the socket, nor does it specify how the environment affects permission creation. Without explicit expected outcomes, the acceptance criterion is ambiguous and not testable. Therefore, it is considered a defect with minor severity."
audit_038,issue_014,issue_statement,rule_seeded,mrdoob/three.js,JavaScript,"GLTFLoader: Morph targets only work for matching accessor types
glTF files assume that morph target data is specified as relative adjustments, and three.js assumes that the data in morph target buffers is absolute.

This leads to a few obvious memory/performance caveats - the morph target data needs to be duplicated and modified during import - but also leads to inability to use a very narrow type for position deltas.

For example, when data is quantized with gltfpack (which makes the glTF files technically invalid right now but this will change soon: https://github.com/KhronosGroup/glTF/pull/1673), the positions typically use UInt16 and morph target deltas use Int16. However, very frequently the morph target delta range is small enough to fit in Int8 - because three.js attempts to reconstruct the absolute position however, attempting to encode Int8 deltas leads to decoding issues on three.js side. Babylon.JS handles files like this perfectly.

I'd like to fix this - the obvious tactical fix is changing the morph target attribute cloning to assume the type of the base attribute, not morph target. However, I'd like to check - what are the thoughts of fixing this by adding support to
...[truncated]",True,ambiguous_term|missing_actor,minor,TRUE,ambiguous_term|missing_actor|missing_trigger|missing_expected_outcome|missing_constraint|not_testable|overly_broad_requirement,minor,,"The statement reads like a long-form discussion rather than a clear issue description. It mixes background information, examples, and speculative fixes, but does not define a specific expected behavior or a concrete failure condition. Without a clear trigger, actor, or expected outcome, the issue is ambiguous and not testable. Therefore, it is considered a defect with minor severity."
audit_039,ac_096,acceptance_criterion,rule_seeded,apache/dubbo,Java,"Given a MetadataServiceExporter instance, when no metadata protocol port is specified and no user-specified application protocol is configured, then the default protocol should be retrieved from the user environment.",False,,none,TRUE,ambiguous_term|missing_actor|missing_expected_outcome|missing_constraint|not_testable|unsupported_external_assumption,minor,,"The requirement is vague and incomplete. It does not define what the “default protocol” is, where it should be retrieved from, or what the expected value should be. The actor and constraints are missing, and the statement is not testable as written. Therefore, it is considered a defect with minor severity."
audit_040,ac_072,acceptance_criterion,rule_seeded,huggingface/transformers,Python,"Given a `Trainer` instance, when the `compute_metrics` function is set and evaluation begins, then the logits are processed by the `preprocess_logits_for_metrics` function before being cached for metric computation.",True,missing_expected_outcome,major,TRUE,ambiguous_term|missing_trigger|missing_expected_outcome|missing_constraint|not_testable|unsupported_external_assumption,minor,,"The requirement is incomplete. It does not define what “processed” means, what the expected output of `preprocess_logits_for_metrics` should be, or when the preprocessing occurs in the evaluation flow. Without clear expected outcomes or constraints, the acceptance criterion is ambiguous and not testable. Therefore, it is considered a defect with minor severity."
audit_041,syn_039,synthetic_defect,synthetic_injected,mrdoob/three.js,JavaScript,"Given a GLTF file with morph targets, when the morph target data is specified as relative adjustments and three.js assumes absolute values, then the mesh should have a flag to indicate whether morph targets are deltas. The same option should be enabled and disabled by default.",True,inconsistent_condition,major,TRUE,ambiguous_term|missing_expected_outcome|missing_constraint|not_testable|inconsistent_condition|unsupported_external_assumption,minor,,"The requirement contains a contradiction: it states that the morph-target flag should be both enabled and disabled by default. It also fails to define the expected behavior of the flag or how it should be implemented. Without clear outcomes or constraints, the statement is ambiguous and not testable. Therefore, it is considered a defect with minor severity."
audit_042,ac_022,acceptance_criterion,rule_seeded,django/django,Python,"Given a Django project with the default settings, when a file is uploaded using FileSystemStorage without explicitly configuring FILE_UPLOAD_PERMISSIONS, then the permissions of the uploaded file should be set to 0o644.",False,,none,TRUE,ambiguous_term|missing_constraint|not_testable|unsupported_external_assumption,minor,,"The requirement oversimplifies Django’s behavior. File permissions depend on OS-level umask and environment, so stating that uploaded files “should be set to 0o644” under default settings is not universally correct. Because the expected outcome depends on unspecified constraints, the statement is ambiguous and not testable. Therefore, it is considered a defect with minor severity."
audit_043,syn_093,synthetic_defect,synthetic_injected,apache/dubbo,Java,"The feature should be high quality, intuitive, and reliable.",True,not_testable,major,TRUE,ambiguous_term|missing_actor|missing_expected_outcome|missing_constraint|not_testable|overly_broad_requirement,minor,,"The requirement is entirely subjective and lacks measurable criteria. Terms like “high quality,” “intuitive,” and “reliable” are undefined, and the statement provides no actor, constraints, or expected outcomes. As written, it is ambiguous, overly broad, and not testable. Therefore, it is considered a defect with minor severity."
audit_044,ac_084,acceptance_criterion,rule_seeded,coder/code-server,TypeScript,"Given a user has installed the `code-server` package, when they run it with the default configuration, then the server should support basic HTTP requests such as GET and POST.",True,overly_broad_requirement,minor,TRUE,ambiguous_term|missing_expected_outcome|missing_constraint|not_testable|overly_broad_requirement,minor,,"The requirement is underspecified. It does not define what “support” means for GET and POST requests, nor does it specify expected endpoints, responses, or constraints. Because the expected behavior is unclear and environment-dependent, the acceptance criterion is ambiguous and not testable. Therefore, it is considered a defect with minor severity."
audit_045,issue_094,issue_statement,rule_seeded,MedTimer,Android,"description: An app for managing medication schedules that lets users bypass onboarding, log doses either manually or as taken with precise time selection via a Material time picker, review adherence statistics, and access additional toolbar actions including submenu options and content previews.

feature 1: Manual dose entry with numeric prompts and precise time selection via a Material time picker.
sub-feature 1-1: On the intro screen, tapping the “SKIP” control (text ""SKIP"") bypasses onboarding; selecting the manual logging action (resource-id ""com.futsch1.medtimer:id/logManualDose"") opens the dose entry flow; tapping the input field (resource-id ""com.futsch1.medtimer:id/entry_text"") presents a numeric input dialog (""android:id/customPanel""); entering “123” and confirming with the positive button (""android:id/button1"") applies the value, a subsequent prompt in the same dialog accepts “1” and is confirmed again via ""android:id/button1""; a Material time picker then appears, where choosing the minute labeled “35” and pressing OK (""com.futsch1.medtimer:id/material_timepicker_ok_button"") confirms the time and completes manual dose logging.

feature 2: Quick marking of scheduled doses
...[truncated]",False,,none,TRUE,ambiguous_term|missing_actor|missing_trigger|missing_expected_outcome|missing_constraint|not_testable|overly_broad_requirement|unsupported_external_assumption,major,,"The statement is not an issue description. It is a long narrative describing multiple features and UI flows, but it does not identify any problem, expected behavior, or failure condition. Because it lacks a trigger, expected outcome, constraints, and a clear issue definition, it is ambiguous, overly broad, and not testable. Therefore, it is considered a major defect."
audit_046,jstvr_068,layout_change_spec,mutation_description_derived,jstvr-webpages/rebeccamade.com,HTML/CSS,"For responsive layout regression testing on `rebeccamade.com`, the page should preserve the intended layout behavior after this mutant change: Changed content in <h5>Landing Page sit amet,</h5>.",True,missing_actor,minor,TRUE,ambiguous_term|missing_expected_outcome|missing_constraint|not_testable|overly_broad_requirement,minor,,"The requirement is underspecified. It does not define what “intended layout behavior” means or what specific layout elements must remain unchanged after the mutation. Without explicit expected outcomes or constraints, the statement is ambiguous and not testable. Therefore, it is considered a defect with minor severity."
audit_047,ult_143,function_spec,test_oracle_derived,UnLeakedTestBench,Python,"Function `calcfwhm` should calcfwhm(x,y) with input x,y vector this function calculate fwhm and return (fwhm,xpeak,ymax) x input independent variable y input dependent variable fwhm return full width half maximum xpeak return x value at y = ymax.",False,,none,TRUE,ambiguous_term|missing_actor|missing_trigger|missing_expected_outcome|missing_constraint|not_testable|overly_broad_requirement|inconsistent_condition,major,,"The function specification is unclear, ungrammatical, and incomplete. It does not define how FWHM should be calculated, what assumptions apply to x and y, or what the returned values represent in precise terms. The lack of structure, constraints, and expected outcomes makes the requirement ambiguous and not testable. Therefore, it is considered a major defect."
audit_048,ult_098,function_spec,test_oracle_derived,UnLeakedTestBench,Python,Function `__transform_coors` should Map coordinates into the new space Args coor i j.,True,missing_trigger,minor,TRUE,ambiguous_term|missing_actor|missing_trigger|missing_expected_outcome|missing_constraint|not_testable|overly_broad_requirement|inconsistent_condition,major,,"The function specification is incomplete and unclear. It does not define how coordinates should be transformed, what the new space is, or what the expected output format should be. The input description is fragmented and ambiguous. Without clear expected outcomes, constraints, or transformation rules, the requirement is ambiguous and not testable. Therefore, it is considered a major defect."
audit_049,issue_044,issue_statement,rule_seeded,microsoft/vscode,TypeScript,"Add relative directory/filepath support to snippets
- VSCode Version: Code 1.17.1 (1e9d36539b0ae51ac09b9d4673ebea4e447e5353, 2017-10-10T14:24:41.632Z)
- OS Version: Windows_NT ia32 6.3.9600

Currently, snippets allow you to resolve the current directory or filepath with `TM_DIRECTORY` and `TM_FILEPATH` respectively. It would be great to be able to get the path for these relative to the root folder, whether directly (e.g. `TM_DIRECTORY_REL`) or by providing a variable with the root folder.

I'm trying to write a snippet to create a new C# file. Visual Studio will auto-populate the file with `namespace Directory.Structure.Here`, but that doesn't seem possible in Visual Studio Code right now.
Add relative directory/filepath support to snippets
- VSCode Version: Code 1.17.1 (1e9d36539b0ae51ac09b9d4673ebea4e447e5353, 2017-10-10T14:24:41.632Z)
- OS Version: Windows_NT ia32 6.3.9600

Currently, snippets allow you to resolve the current directory or filepath with `TM_DIRECTORY` and `TM_FILEPATH` respectively. It would be great to be able to get the path for these relative to the root folder, whether directly (e.g. `TM_DIRECTORY_REL`) or by providing a variable with the root folder.

I'm tr
...[truncated]",True,missing_actor,minor,TRUE,ambiguous_term|missing_actor|missing_expected_outcome|missing_constraint|not_testable|overly_broad_requirement,minor,,"The issue statement is a feature request mixed with personal context and repeated text. It does not define a clear expected behavior for relative path resolution, nor does it specify constraints or testable outcomes. Because the requirement is ambiguous and not testable, it is considered a minor defect."
audit_050,jstvr_114,layout_change_spec,mutation_description_derived,jstvr-webpages/aftrnoon.com,HTML/CSS,"For responsive layout regression testing on `aftrnoon.com`, the page should preserve the intended layout behavior after this mutant change: Changed expression to max-width in.",True,missing_actor,minor,TRUE,ambiguous_term|not_testable,major,,"The statement is incomplete and cuts off abruptly at the end (""...max-width in.""). This leaves the exact details of the mutant change ambiguous and unclear."
audit_051,ult_188,function_spec,test_oracle_derived,UnLeakedTestBench,Python,Function `date_dif_precomputed` should Enhanced version of date_dif_loops function that uses precomputed array which contains ammount of dates between two months.,True,missing_trigger,minor,TRUE,missing_expected_outcome,major,,"The statement only describes what the function is, but completely misses the expected outcome or specific testable behavior."
audit_052,jstvr_037,layout_change_spec,mutation_description_derived,jstvr-webpages/getbootstrap.com,HTML/CSS,"For responsive layout regression testing on `getbootstrap.com`, the page should preserve the intended layout behavior after this mutant change: Changed class in element <div class=""col-sm-3 col-xs-6"">.",False,,none,TRUE,ambiguous_term|missing_trigger,major,,"The mutant change description is cut off at the end, missing both what the class was changed to and the exact condition that triggers the layout behavior."
audit_053,ult_170,function_spec,test_oracle_derived,UnLeakedTestBench,Python,"Function `letter_extremal_occurrences` should r"""""" Return the set of letterextremal occurrences of ``u`` in ``w``. An occurrence is letterextremal if the letters can not move inside the occurrence. This is a subset of all occurrences of ``u`` in ``w`` but much that defines the same convex hull.",False,,none,TRUE,ambiguous_term|missing_constraint,major,,"The requirement is highly ambiguous and grammatically broken, including typos (""letterextremal"", ""but much that defines"") and syntax noise (r"""""") that make the logic impossible to test accurately."
audit_054,ac_043,acceptance_criterion,rule_seeded,apache/dubbo,Java,"The collector of production data should be able to collect data from all levels of Dubbo modules, applications, and frameworks.",True,missing_actor|missing_trigger|overly_broad_requirement,major,TRUE,missing_trigger|overly_broad_requirement,major,,"The requirement is overly broad (""all levels"") and misses the specific event or condition that triggers the data collection process."
audit_055,ult_183,function_spec,test_oracle_derived,UnLeakedTestBench,Python,Function `process_spaces` should Function to process spaces in text lines for preformatted notes.,True,missing_trigger,minor,TRUE,missing_expected_outcome,major,,"The statement only defines the high-level purpose of the function but completely fails to describe the expected outcome or any specific, testable behavior."
audit_056,syn_087,synthetic_defect,synthetic_injected,matplotlib/matplotlib,Python,"Given a Python script that imports matplotlib, when the script is executed, then the `version_info` attribute should be present and of type tuple. The same option should be enabled and disabled by default.",True,inconsistent_condition,major,TRUE,ambiguous_term|inconsistent_condition,major,,"The statement contains a logical contradiction where a setting must be both ""enabled and disabled by default"", while introduces an ambiguous reference to ""The same option"" without defining what option it refers to."
audit_057,ult_150,function_spec,test_oracle_derived,UnLeakedTestBench,Python,Function `color_variant` should Make a color darker or lighter. Shift a color towards more darker (negative ``brightness_offset``) or more lighter (positive ``brightness_offset``).,True,missing_trigger,minor,TRUE,missing_expected_outcome,major,,"The requirement describes what the function does conceptually but fails to specify the exact expected outcome, such as the format or type of the returned color value."
audit_058,ac_058,acceptance_criterion,rule_seeded,mrdoob/three.js,JavaScript,"Given an instance of `Object3D`, when the `removeAll` method is called, then all children objects should be removed from the parent and dispatched with a `_removedEvent`.",True,overly_broad_requirement,minor,FALSE,,none,,Statement is specific enough and testable.
audit_059,syn_042,synthetic_defect,synthetic_injected,huggingface/transformers,Python,"Given a GPT-2 model, then the model should not experience numerical instability.",True,missing_trigger,minor,TRUE,missing_trigger|overly_broad_requirement,major,,"The statement skips the ""When"" clause completely, missing the specific action/trigger that causes the model to evaluate, and uses an overly broad phrase (""numerical instability"") without specifying metrics."
audit_060,issue_023,issue_statement,rule_seeded,prettier/prettier,JavaScript,"Utility functions requests
Is there any reason why `getNextNonSpaceNonCommentCharacterIndex` is in the public API but `getNextNonSpaceNonCommentCharacter` isn't? it's a one liner we could do without in [prettier-plugin-solidity](https://github.com/prettier-solidity/prettier-plugin-solidity).

Also, `hasNodeIgnoreComment` feels like something that every plugin could benefit if they decide to support comments containing `prettier-ignore`.",True,missing_expected_outcome|missing_constraint,major,TRUE,missing_expected_outcome|not_testable,major,,"The statement is an informal GitHub issue discussion / question rather than a structured, testable requirement, completely missing clear triggers and expected outcomes."
audit_061,ac_014,acceptance_criterion,rule_seeded,CityZen,Android,Interacting with a specific result container by clicking the element with class 'android.widget.FrameLayout' and index '1' focuses or opens that entry.,True,missing_expected_outcome|not_testable,major,TRUE,ambiguous_term,minor,,"The phrase ""focuses or opens"" creates ambiguity because it implies two different possible actions rather than specifying exactly which expected outcome should occur."
audit_062,syn_071,synthetic_defect,synthetic_injected,Arcticons,Android,"Given the user is on the Icons screen, when they tap an icon to open it and then search for a term, then the app should display the first result in the list. The same option should be enabled and disabled by default.",True,inconsistent_condition,major,TRUE,ambiguous_term|inconsistent_condition,major,,"The statement contains a clear contradiction requiring an option to be both ""enabled and disabled by default,"" while introducing ambiguity via an undefined reference to ""The same option."""
audit_063,syn_008,synthetic_defect,synthetic_injected,Autostarts,Android,"Given the app is launched, when the user taps on the 'After Startup' category row, then the section should expand to show receivers for network state changes and collapse on a subsequent tap. This must follow the undocumented third-party policy.",True,unsupported_external_assumption,minor,TRUE,ambiguous_term|unsupported_external_assumption,major,,"The statement relies on an unsupported external assumption (""undocumented third-party policy"") which makes the requirement ambiguous and impossible to verify accurately."
audit_064,ac_012,acceptance_criterion,rule_seeded,CityZen,Android,"When the initial permission prompt appears, tapping the Allow button grants the app its required access.",True,missing_actor,minor,FALSE,,none,,
audit_065,issue_005,issue_statement,rule_seeded,apache/dubbo,Java,"Provider should disable mock configuration.
mock configuration should be disabled on provider side.",True,missing_actor,minor,FALSE,,none,,
audit_066,jstvr_043,layout_change_spec,mutation_description_derived,jstvr-webpages/bittorrent.com,HTML/CSS,"For responsive layout regression testing on `bittorrent.com`, the page should preserve the intended layout behavior after this mutant change: Changed UNIT in 10.0em to [10.0%,  20.0px] in.",True,missing_actor,minor,TRUE,ambiguous_term|not_testable,major,,"The mutant change syntax is broken and ambiguous: ""Changed UNIT in 10.0em to [10.0%, 20.0px] in."" It provides an array of two different units/values instead of a clear target value, making the statement logically flawed and impossible to test or verify."
audit_067,syn_052,synthetic_defect,synthetic_injected,huggingface/transformers,Python,"Given a `Trainer` instance, when the `compute_metrics` function is set and evaluation begins, then if the `preprocess_logits_for_metrics` function returns `None`, an error should be raised. It should also handle edge cases.",True,missing_constraint,minor,TRUE,overly_broad_requirement,major,,"The phrase ""It should also handle edge cases"" is overly broad and generic. It does not specify which edge cases need to be handled, making that specific part of the requirement vague and untestable."
audit_068,ac_073,acceptance_criterion,rule_seeded,huggingface/transformers,Python,"Given a `Trainer` instance, when the `compute_metrics` function is set and evaluation begins, then if no `preprocess_logits_for_metrics` function is provided, the logits are processed by the default behavior of caching them as they are.",True,missing_expected_outcome|not_testable,major,FALSE,,none,,
audit_069,issue_040,issue_statement,rule_seeded,coder/code-server,TypeScript,"[Feat]: allow setting the app name and a welcome text on login page
## What is your suggestion?
allowing to change the text and app / instance name on the login page

## Why do you want this feature?
telling apart multiple instances

## Are there any workarounds to get this functionality today?
you can fork code-server, make the changes in html and build it again

## Are you interested in submitting a PR for this?
yes, already did:  #5633",True,missing_constraint,minor,FALSE,,none,,
audit_070,syn_027,synthetic_defect,synthetic_injected,apache/dubbo,Java,"Given a MetadataServiceExporter instance, when the metadata protocol port is not specified and no user-defined application protocol is provided, then the behavior is completed.",True,missing_expected_outcome,major,TRUE,missing_expected_outcome|not_testable,major,,"The expected outcome phrase ""then the behavior is completed"" is entirely vague and lacks specifics. It does not clarify what actually happens, what state changes occur, or what result is produced, making the requirement completely untestable."
audit_071,ac_021,acceptance_criterion,rule_seeded,astropy/astropy,Python,The implementation of the separability matrix function should handle nested CompoundModels without errors or unexpected behavior.,True,missing_trigger|overly_broad_requirement,minor,FALSE,,none,,
audit_072,syn_031,synthetic_defect,synthetic_injected,apache/dubbo,Java,"Given a JVM application, when the application is running and metrics are collected, then the dashboard should display memory usage statistics such as maximum heap size and used memory. The same option should be enabled and disabled by default.",True,inconsistent_condition,major,TRUE,not_testable|inconsistent_condition,major,,"The phrase ""The same option should be enabled and disabled by default"" is logically contradictory and impossible to implement or test, as an option cannot be both enabled and disabled at the same time by default."
audit_073,ult_118,function_spec,test_oracle_derived,UnLeakedTestBench,Python,"Function `format_atom_names` should needs a list of atoms ['C1', 'C2', 'O1', ..] with part number and a residue number. returns a list with atoms like ['C1_4b', 'C2_4b', 'O1_4b', ..].",False,,none,TRUE,ambiguous_term|missing_constraint,major,,"The statement specifies that the function needs a list of atoms ""with part number and a residue number"", but it does not specify how these inputs (part number and residue number) should be provided (e.g., as separate arguments, or structured inside the atom strings). Furthermore, it is grammatically broken (""should needs"") and ambiguous about how the output strings (like 'C1_4b') are constructed from the part number and residue number."
audit_074,ult_140,function_spec,test_oracle_derived,UnLeakedTestBench,Python,Function `poker_hand` should Formatted print of a hand of cards.,True,missing_trigger,minor,TRUE,ambiguous_term|missing_expected_outcome,major,,"The statement is ungrammatical (""should Formatted print"") and highly ambiguous. It fails to define the exact format required for printing the hand of cards, nor does it clarify whether the function should return a formatted string or directly print to the standard output, making the expected outcome unclear."
audit_075,llmorph_003,testing_rule_spec,rule_spec_derived,LLMorpheus,JavaScript/TypeScript,"For JavaScript mutation testing, when a code line matches `<Expr> !== <Expr> -> <Expr> === <Expr>`, the mutator should replace !== operator in condition with ===. The rule only applies to ""!==""-expressions. The rewritten expression should contain ""==="" instead.",False,,none,FALSE,,none,,Statement is specific enough and testable.
audit_076,ac_029,acceptance_criterion,rule_seeded,matplotlib/matplotlib,Python,"Given a Python script that imports matplotlib, when the script is executed, then the `__version__` attribute should be equal to the string representation of the `version_info` tuple.",False,,none,FALSE,,none,,Statement is specific enough and testable.
audit_077,ult_106,function_spec,test_oracle_derived,UnLeakedTestBench,Python,Function `annotate_descr` should Annotates TE based on BLAST description.,False,,none,TRUE,ambiguous_term|missing_expected_outcome,major,,"The statement ""should Annotates TE based on BLAST description"" is overly vague and ambiguous. It completely fails to define what the expected outcome or output of the function is (e.g., does it mutate an object in place, modify a file, or return a specific data structure?). It also does not clarify how the BLAST description input is structured."
audit_078,ult_073,function_spec,test_oracle_derived,UnLeakedTestBench,Python,Function `locate_alignment` should Transform single sequence alignment to positions on query sequence.,False,,none,TRUE,ambiguous_term|missing_expected_outcome,major,,"The statement uses the vague term ""Transform"" without specifying what format the output should take (e.g., a tuple, a dictionary, a list of integers, or a custom object). Consequently, the expected outcome is missing a clear definition, making it untestable."
audit_079,issue_020,issue_statement,rule_seeded,prettier/prettier,JavaScript,"Trailing commas for type parameters in TypeScript
**Prettier 1.9.2**

~~I would paste a playground link but no TypeScript support ;)~~ I'm silly: [Playground link](https://prettier.io/playground/#N4Igxg9gdgLgprEAuEMCeAHOACAKnAWwwBsBDeAIQEsoATGgc2wF4AdKbT7AH2wEEMJOPiJlKNelAbsuPbBVJRFpESXJxqdRjK68AwqQBOhiDFVi4AOQi047ANzt26LNgCyNuMWu2WOzrwCQh623p7+cgpKSiFePnYcutgGxqaxYbYOTlBwAB4YEIYw2JBQAM7FYIZw6gDKEACuhmBWngBiJgTm6pqSTMzYADwRuN3iWlLYefB0ZXiEauN9LPOiPRKMADQj9U0t8VO5M7Rzu82tvgNn++FQAHwAFPBrS4xIeGMaG1IAlCx32GAEQA9AAqbAAOih2FBwPYAF97CBNiAIBgYFRoGVkKAjCYAO4ABSMCGxKFIADcIFRaMiQKQKsgAGakYhlOAogBGhlIYAA1nAYLUMLzGMgYIYGhyQLQIGBmaz2SiaOyioSeQwCKQFWzpQArMq5Cg8-mC2qkAhwAAyNDgOqVqIaMAwToATPbpSLDKrkKhMHAylUqOi6RhDDQYAB1GkwAAWyAAHAAGFFhiDsyM8jC+sMBuCGCl2lHVACODSo1XVpE12qQLN1KPZBCo4sl0rKjGIcAAig1THa64rpTBSJzo7Q48hXSiJaQqMRGHoIAQtb6oNAiyAGuzcKOyfX2fD4UA)
```sh
--parser typescript
```

**Input:**
```typescript
type TemplateBinding =
    | AppleTemplateBinding
    | BananaTemplateBinding
    | CarrotTemplateNode
;

type ModelNode =
    | AppleModelNode
    | BananaModelNode
    | CarrotModelNode
;

export const createSourceNodeFromTemplateBinding = <
    TTemplateBinding extends TemplateBinding = Templ
...[truncated]",True,missing_actor,minor,FALSE,,none,,Statement is specific enough and testable.
audit_080,ult_063,function_spec,test_oracle_derived,UnLeakedTestBench,Python,"Function `idx_for_diag_se_from_tr` should Traverse southeast diagonals from top right This is the most important variant Eg. 0 1 2 \\ \\ \\ 1 ['A', 'B', 'C'] \\ \\ \\ ['D', 'E', 'F'].",True,missing_trigger,minor,TRUE,ambiguous_term|missing_expected_outcome,major,,"The description contains broken formatting and incomplete example data (""Eg. 0 1 2 \\\\\\\\ 1 ['A', 'B', 'C'] \\\\\\\\ ['D', 'E', 'F']""). It fails to specify the exact structure or format of the expected output/returned value, making the statement highly ambiguous and untestable."
audit_081,llmorph_002,testing_rule_spec,rule_spec_derived,LLMorpheus,JavaScript/TypeScript,"For JavaScript mutation testing, when a code line matches `<Expr> === <Expr> -> <Expr> !== <Expr>`, the mutator should replace === operator in condition with !==. The rule only applies to ""===""-expressions. The rewritten expression should contain ""!=="" instead.",False,,none,FALSE,,none,,Statement is specific enough and testable.
audit_082,issue_016,issue_statement,rule_seeded,mrdoob/three.js,JavaScript,"Feature: Quaternion.slerpQuaternions()
It's already possible to easily interpolate between two quaternions by using the static helper, but the Vector classes already implement a .lerpVectors, would it make sense to also have the same API for quaternions?

```js
const q = new Quaternion()
q.slerpQuaternions(quatA, quatB, 0.6)
```

Please understand that this is just to keep the API predictable for end users",True,missing_trigger|missing_expected_outcome|missing_constraint,major,TRUE,missing_expected_outcome|missing_constraint,minor,,"The feature request lacks explicit technical details: it does not state the expected outcome (e.g., whether it mutates the calling instance and returns it), nor does it specify constraints (e.g., input normalization or clamping for the interpolation factor)."
audit_083,ac_006,acceptance_criterion,rule_seeded,Arcticons,Android,"Given the user is on the Icons screen, when they tap an icon to open it and then search for a term, then the app should display a confirmation dialog asking if the user wants to close the overlay after confirming.",False,,none,TRUE,ambiguous_term|inconsistent_condition,minor,,"The statement contains an inconsistent logical flow: searching for a term after opening an icon shouldn't logically trigger a dialog asking to ""close the overlay after confirming."" Additionally, ""the overlay"" is an ambiguous term as it is never previously mentioned or defined in the context."
audit_084,ult_189,function_spec,test_oracle_derived,UnLeakedTestBench,Python,"Function `drains_to` should Returns coordinates ot the cell cupplied row,col drains into immediately Returns (None, None) if supplied row, col is a sink.",False,,none,TRUE,ambiguous_term,minor,,"The statement contains multiple severe typos (""ot"", ""cupplied"", ""immediately Returns"") and uses the ambiguous term ""a sink"" without defining what conditions or values constitute a ""sink"" cell within the context of the function grid."
audit_085,jstvr_020,layout_change_spec,mutation_description_derived,jstvr-webpages/paydemand.com,HTML/CSS,"For responsive layout regression testing on `paydemand.com`, the page should preserve the intended layout behavior after this mutant change: Added a class to element.",False,,none,TRUE,ambiguous_term|missing_constraint,major,,"The specification is completely ambiguous and lacks required constraints: it fails to specify which HTML element received the new class, what the specific class name is, and what the ""intended layout behavior"" actually entails for verification."
audit_086,syn_067,synthetic_defect,synthetic_injected,apache/dubbo,Java,"Given a MetadataServiceExporter instance, when the metadata protocol port is not specified and no user-specified application protocol is configured, then the behavior is completed.",True,missing_expected_outcome,major,TRUE,ambiguous_term|missing_expected_outcome,major,,"The statement concludes with ""the behavior is completed,"" which is entirely ambiguous and fails to state the actual expected outcome or technical result (e.g., whether an exception is thrown, a default port/protocol is assigned, or the exporter initialization fails)."
audit_087,jstvr_058,layout_change_spec,mutation_description_derived,jstvr-webpages/reserve.com,HTML/CSS,"For responsive layout regression testing on `reserve.com`, the page should preserve the intended layout behavior after this mutant change: Removed a class from element.",False,,none,TRUE,ambiguous_term|missing_constraint,major,,"The requirement is completely ambiguous and lacks required constraints: it fails to specify which HTML element had a class removed, what specific class name was removed, and what the ""intended layout behavior"" actually entails for verification."
audit_088,syn_006,synthetic_defect,synthetic_injected,Arcticons,Android,Improve and support all related behavior for this feature.,True,overly_broad_requirement,minor,TRUE,ambiguous_term|missing_expected_outcome|not_testable|overly_broad_requirement,critical,,"The statement ""Improve and support all related behavior for this feature"" is an empty requirement. It is completely non-actionable and untestable because it fails to define what the feature is, what specific improvements are needed, what behaviors must be supported, or what constitutes a successful outcome."
audit_089,jstvr_107,layout_change_spec,mutation_description_derived,jstvr-webpages/paydemand.com,HTML/CSS,"For responsive layout regression testing on `paydemand.com`, the page should preserve the intended layout behavior after this mutant change: Changed expression to min-width in.",True,missing_actor,minor,TRUE,ambiguous_term|missing_constraint,major,,"The statement contains incomplete sentences and major ambiguities: ""min-width in."" cuts off without specifying what value or property it was changed to. Furthermore, it completely lacks constraints, failing to define which media query or CSS rule was altered, and what specific ""intended layout behavior"" should be verified."
audit_090,ult_003,function_spec,test_oracle_derived,UnLeakedTestBench,Python,Function `fix_labels` should Fix the labels from the Shimmer data by removing unnecessary text.,True,missing_trigger,minor,TRUE,ambiguous_term|missing_expected_outcome,major,,"The specification is too vague: the terms ""Fix the labels"", ""Shimmer data"", and ""unnecessary text"" are completely ambiguous. It lacks a clear expected outcome by failing to specify exactly what text is considered ""unnecessary"" or how the labels should look after being processed."
audit_091,ult_165,function_spec,test_oracle_derived,UnLeakedTestBench,Python,Function `make_sql_select_command` should Make SQL select command. table_header_list list of columns to be selected where_columns column names for where clause where_options operator for where clause where_values variable for where clause where_bools boolean for where clause group group name for GROUP BY clause having_columns.,False,,none,TRUE,ambiguous_term|missing_expected_outcome,major,,"The statement cuts off abruptly at the end (""GROUP BY clause having_columns."") without describing what the function should actually do with having_columns. Additionally, it lacks a clear expected outcome by failing to specify the exact format of the returned SQL string (e.g., handling of spacing, uppercase keywords, or parameter placeholders)."
audit_092,ult_187,function_spec,test_oracle_derived,UnLeakedTestBench,Python,Function `find_integers` should Compute integers for offdiagonal supercell matrix elements Called by find_nondiagonal().,True,missing_trigger,minor,TRUE,ambiguous_term|missing_expected_outcome,major,,"The statement ""Compute integers for offdiagonal supercell matrix elements"" is completely vague and lacks an expected outcome. It does not clarify what mathematical operation or algorithm is used to compute these integers, nor does it specify the function's return type, structure, or behavior when handling edge cases."
audit_093,ac_003,acceptance_criterion,rule_seeded,Arcticons,Android,"Given the user is on the Icons screen, when they tap an icon to open it and then search for a term, then the app should display a confirmation dialog asking if the user wants to close the overlay.",False,,none,TRUE,ambiguous_term|inconsistent_condition,minor,,"The logical sequence of events is highly inconsistent: searching for a term after tapping an icon shouldn't trigger a confirmation dialog to close an overlay. Additionally, ""the overlay"" is an ambiguous term that is introduced abruptly without being previously defined in the context."
audit_094,ult_004,function_spec,test_oracle_derived,UnLeakedTestBench,Python,"Function `x0x1_after_extraction` should When we extract an array, we also update the extracted array's regions by mapping each region from their coordinates on the original array (which has a shape_native) to the extracted array (which is a 2D section on this array). This function compares the 1D coordinates of a regions original coordinates on a array to the 1D coordinates of the extracted array, determining where the original region lies on the extracted array. For example, for a 1D array with shape 8 we may have a region whose 1D c
...[truncated].",False,,none,TRUE,ambiguous_term|missing_expected_outcome,major,,"The statement cuts off midway through an explanation with ""...[truncated]"", making it completely incomplete. Furthermore, it fails to clarify the actual expected outcome or signature of the function x0x1_after_extraction (e.g., what it returns or mutates), and uses poorly defined terms due to the broken text context."
audit_095,issue_018,issue_statement,rule_seeded,mrdoob/three.js,JavaScript,"Feature request: Add `.fromHalfFloat()` to DataUtils.
`DataUtils` already has `.toHalfFloat( val )`.

`DataUtils.fromHalfFloat( half )` would be useful for evaluating the dynamic range of HDR textures in .exr format, for example.",True,missing_trigger|missing_expected_outcome|not_testable,major,TRUE,missing_expected_outcome,minor,,"The feature request proposes adding DataUtils.fromHalfFloat( half ) for API symmetry with .toHalfFloat(), but it fails to specify the exact expected outcome. It does not explicitly state what data type the function should return (e.g., a standard JavaScript number/float32 value) or how it should handle invalid inputs or edge cases like Infinity, NaN, or subnormal numbers."
audit_096,jstvr_117,layout_change_spec,mutation_description_derived,jstvr-webpages/annettescreations.net,HTML/CSS,"For responsive layout regression testing on `annettescreations.net`, the page should preserve the intended layout behavior after this mutant change: Changed expression to max-width in.",True,missing_actor,minor,TRUE,ambiguous_term|missing_constraint,major,,"The description is incomplete and heavily truncated: ""max-width in."" cuts off without specifying the targeted size or context. Additionally, it lacks key constraints and contains ambiguous terms, since it fails to point out which media query or CSS class was affected and what exact layout behavior is intended to be preserved."
audit_097,ult_001,function_spec,test_oracle_derived,UnLeakedTestBench,Python,"Function `is_degree_in_degree_range` should Checkes whether a given degreevalue lies between two bounding degreevalues, where degree_a and degree_b are the bounding degreelimits, with degree_a representing the clockwise oriented degreevalue and degree_b representing the counterclockwise degreevalue. Degree_c is the value being checked.",False,,none,TRUE,ambiguous_term,minor,,"The statement contains multiple severe typos (""Checkes"", ""degreevalue"", ""degreelimits""). Additionally, it introduces an inconsistent variable name ""Degree_c"" at the very end out of nowhere, which makes the requirement ambiguous since the first sentence refers to it as ""a given degreevalue"" instead of using the parameter name consistently."
audit_098,syn_017,synthetic_defect,synthetic_injected,matplotlib/matplotlib,Python,"Given a Python script that imports matplotlib, when the script is executed, then the `__version__` attribute should be present and of type string. The behavior should work properly in all relevant cases.",True,ambiguous_term,minor,TRUE,ambiguous_term|overly_broad_requirement,minor,,"The statement ends with the completely vague phrase, ""The behavior should work properly in all relevant cases."" This introduces an ambiguous term (""properly"") and creates an overly broad requirement, as it fails to specify what constitutes a ""relevant case"" or what the precise expected outcome should be in those scenarios."
audit_099,jstvr_001,layout_change_spec,mutation_description_derived,jstvr-webpages/responsiveprocess.com,HTML/CSS,"For responsive layout regression testing on `responsiveprocess.com`, the page should preserve the intended layout behavior after this mutant change: Changed UNIT in 0.75em to [0.75%] in.",True,missing_actor,minor,TRUE,ambiguous_term|missing_constraint,major,,"The layout specification statement is cut off and completely truncated at the end: ""Changed UNIT in 0.75em to [0.75%] in."" makes no grammatical or logical sense. It lacks required constraints and clear parameters because it does not state which element, CSS property, or responsive media query rule is targeted, nor what the actual target unit or layout behavior should be."
audit_100,issue_036,issue_statement,rule_seeded,huggingface/transformers,Python,"Support X | Y syntax on HfArgumentParser
### Feature request

[PEP-604](https://peps.python.org/pep-0604/) created the X | Y syntax on python 3.10, which is equivalent to Union[X, Y]. The use of this syntax is not supported by HfArgumentParser.  

### Motivation

With this syntax I would like to use something like:

```
@dataclass
class ModelArguments:

    some_argument: str | None = field(
        default=None,
        metadata={""help"": ""some argument""},
    )
```

Instead of:

```
@dataclass
class ModelArguments:

    some_argument: Optional[str] = field(
        default=None,
        metadata={""help"": ""some argument""},
    )
```

When trying to use the first one, it throws an error:

```
Traceback (most recent call last):
  File ""/home/jcanete/new-kd/kd/train.py"", line 299, in <module>
    main()
  File ""/home/jcanete/new-kd/kd/train.py"", line 160, in main
    parser = HfArgumentParser(
  File ""/home/jcanete/anaconda3/envs/venv/lib/python3.10/site-packages/transformers/hf_argparser.py"", line 73, in __init__
    self._add_dataclass_arguments(dtype)
  File ""/home/jcanete/anaconda3/envs/venv/lib/python3.10/site-packages/transformers/hf_argparser.py"", line 178, in _add_dataclass_ar
...[truncated]",False,,none,TRUE,missing_expected_outcome,minor,,"The feature request proposes adding Vector3.fromAttribute( attribute, index ) for consistency with standard Vector classes, but it fails to state the expected outcome. It does not specify whether the method should mutate the calling instance and return it for method chaining, or what happens if the provided index is out of bounds."
audit_101,ult_125,function_spec,test_oracle_derived,UnLeakedTestBench,Python,"Function `determine_turn_modifiers` should Generates an overall modifier based on fleet strength, engagement level, and command modifier to be used each turn with determine_ship_orders().",False,,none,TRUE,missing_expected_outcome,minor,,"The specification fails to define the expected outcome of the function. It does not state what type of value or data structure the ""overall modifier"" should be (e.g., a float multiplier, an integer, or an object containing specific properties) nor how it is mathematically derived from the listed components."
audit_102,jstvr_085,layout_change_spec,mutation_description_derived,jstvr-webpages/aftrnoon.com,HTML/CSS,"For responsive layout regression testing on `aftrnoon.com`, the page should preserve the intended layout behavior after this mutant change: Added a class to element.",False,,none,TRUE,ambiguous_term|missing_constraint,major,,"The requirement is completely ambiguous and lacks necessary constraints. It fails to specify which HTML element received the new class, what the name of the added class is, and what specific ""intended layout behavior"" needs to be verified for the regression test to pass."
audit_103,ult_028,function_spec,test_oracle_derived,UnLeakedTestBench,Python,Function `move_gain` should Compute the triple match number gain by the move operation.,True,missing_trigger,minor,TRUE,ambiguous_term|missing_expected_outcome,major,,"The specification is completely ambiguous and lacks a clear expected outcome. It does not define what a ""triple match number gain"" actually means mathematically or contextually, nor does it specify what inputs the ""move operation"" expects or what data type the function should return."
audit_104,ult_197,function_spec,test_oracle_derived,UnLeakedTestBench,Python,Function `calculate_data_packet_size` should Only for packet that contains streamed data.,True,missing_trigger,minor,TRUE,missing_trigger|missing_expected_outcome,major,,"The statement is an incomplete sentence that fails to describe any functionality. It does not provide an expected outcome (what the calculated size should be or how it is computed) nor does it specify the trigger condition (what happens if a packet does not contain streamed data, such as throwing an error or returning a default value like zero/null)."
audit_105,jstvr_065,layout_change_spec,mutation_description_derived,jstvr-webpages/reserve.com,HTML/CSS,"For responsive layout regression testing on `reserve.com`, the page should preserve the intended layout behavior after this mutant change: Changed expression to max-width in.",True,missing_actor,minor,TRUE,ambiguous_term|missing_constraint,major,,"The description is incomplete and truncated: ""max-width in."" cuts off without specifying the targeted size or context. It lacks key constraints and contains ambiguous terms, since it fails to point out which media query or CSS rule was affected and what exact layout behavior is intended to be preserved."
audit_106,jstvr_024,layout_change_spec,mutation_description_derived,jstvr-webpages/bittorrent.com,HTML/CSS,"For responsive layout regression testing on `bittorrent.com`, the page should preserve the intended layout behavior after this mutant change: Changed class in element <span class=""feature-icon btn"">&nbsp;</span>.",False,,none,TRUE,ambiguous_term|missing_constraint,major,,"The description is completely ambiguous and lacks required constraints. While it identifies the target element (<span class=""feature-icon btn"">), it fails to specify what the class was changed to (the text abruptly stops after ""Changed class in element""), what the target responsive breakpoint or media query is, and what specific ""intended layout behavior"" needs to be preserved."
audit_107,ac_039,acceptance_criterion,rule_seeded,apache/dubbo,Java,"Given a JVM application, when the application is running and metrics are collected, then the dashboard should display aggregated data such as total requests and succeed requests.",False,,none,FALSE,,none,,Statement is specific enough and testable.
audit_108,ult_090,function_spec,test_oracle_derived,UnLeakedTestBench,Python,Function `bin_search_range` should Same idea as the typicall binary search but this time as soon as we hit a number inside the specified range linearly check every element before and after if they meet the range requirements.,False,,none,TRUE,ambiguous_term|missing_expected_outcome,minor,,"The statement contains a typo (""typicall"") and relies on vague descriptions instead of a formal specification. It lacks a clear expected outcome by failing to define what the function should return once the linear check is complete (e.g., the starting and ending indices of the range, a list of matching elements, or a boolean value), and it uses the ambiguous phrase ""same idea as"" rather than explicitly stating the inputs and behavior.v"
audit_109,llmorph_001,testing_rule_spec,rule_spec_derived,LLMorpheus,JavaScript/TypeScript,"For JavaScript mutation testing, when a code line matches `<Expr> + <Expr> -> <Expr> - <Expr>`, the mutator should replace + operator in binary expression with -. The rule only applies to ""+""-expressions. The rewritten expression should contain ""-"" instead.",False,,none,FALSE,,none,,Statement is specific enough and testable.
audit_110,llmorph_005,testing_rule_spec,rule_spec_derived,LLMorpheus,JavaScript/TypeScript,"For JavaScript mutation testing, when a code line matches `return <Expr>; -> return !<Expr>;`, the mutator should negate expression, but ONLY in a return statement. The rule only applies to return statements. The rewritten expression should contain ""!"".",True,missing_actor,minor,FALSE,,none,,Statement is specific enough and testable.
audit_111,ult_142,function_spec,test_oracle_derived,UnLeakedTestBench,Python,Function `local_computecov` should Computes the local cov value Ls = local entry start Le = local entry end Ts = true start of core gene Te = true end of core gene.,True,missing_trigger,minor,TRUE,missing_expected_outcome|missing_constraint,major,,"The specification lists input variables (Ls, Le, Ts, Te) but fails to define an expected outcome or any mathematical constraints. It does not explain how these variables relate to one another, what formulas should be applied to compute the ""local cov value,"" or what data type the function should return."
audit_112,ac_016,acceptance_criterion,rule_seeded,CityZen,Android,Pressing the share control opens the sharing flow for the currently viewed location.,True,missing_actor|missing_trigger|missing_expected_outcome|not_testable,major,FALSE,,none,,Statement is specific enough and testable.
audit_113,issue_001,issue_statement,rule_seeded,apache/dubbo,Java,"Enhance protocol order in MetadataServiceExporter
        > 这里没指定 metadata 协议 port 的时候 是使用用户指定的应用协议呢？ 还是保持现在的 默认使用dubbo 但是 优化下 错误 提示

这里最好将默认值改成从用户环境中获取已经配置的额 protocol，都没配置再使用 dubbo

_Originally posted by @AlbumenJ in https://github.com/apache/dubbo/issues/10795#issuecomment-1289913950_",True,missing_actor|missing_trigger|missing_expected_outcome|not_testable|overly_broad_requirement,major,FALSE,,none,,Statement is specific enough and testable.
audit_114,ac_050,acceptance_criterion,rule_seeded,mrdoob/three.js,JavaScript,"Given a mesh with LODs, when the user moves their head within the threshold distance of an LOD boundary and then moves back beyond it multiple times, then the LOD should not flicker.",False,,none,FALSE,,none,,Statement is specific enough and testable.
audit_115,syn_057,synthetic_defect,synthetic_injected,coder/code-server,TypeScript,"Given a user has renamed a repository on code-server, when they attempt to access it again, then the repository should be listed with the new name. The behavior should work properly in all relevant cases.",True,ambiguous_term,minor,TRUE,ambiguous_term|overly_broad_requirement,minor,,"The requirement ends with a generic phrase: ""The behavior should work properly in all relevant cases."" This introduces an ambiguous term (""properly"") and makes the requirement overly broad, as it fails to define what constitutes a ""relevant case"" (e.g., handling open active sessions, refreshing the UI, updating local clones, or resolving old URL redirects)."
audit_116,syn_010,synthetic_defect,synthetic_injected,Autostarts,Android,"Given the app is launched, then the list should be reorganized by the selected grouping mode.",True,missing_trigger,minor,TRUE,ambiguous_term|missing_trigger,minor,,"The specification is missing a clear trigger condition and uses ambiguous terms. It states that the list should be reorganized when the app is launched, but it fails to specify when or how the ""selected grouping mode"" was chosen (e.g., preserving a cached user preference from a previous session). Additionally, ""selected grouping mode"" is ambiguous as it does not define what the available grouping criteria are (e.g., date, category, alphabetical)."
audit_117,issue_002,issue_statement,rule_seeded,apache/dubbo,Java,"Observability tasks: complement all JVM metrics and application information
<!-- If you need to report a security issue please visit https://github.com/apache/dubbo/security/policy -->

- [ ] I have searched the [issues](https://github.com/apache/dubbo/issues) of this repository and believe that this is not a duplicate.

## Describe the proposal
<!-- Please use this for a concrete design proposal for functionality. -->
<!-- If you just want to request a new feature and discuss the possible business value, create a Feature Request. -->

En:At present, the jvm application information provided by dubbo has missing data. For example, it cannot be filtered according to the application name. Data information such as jvm needs to add the application name in the label. At the same time, you can try to complete the missing data in the dashboard. The reference address of the dashboard is:[http://114.55.147.139:3000/d/5i618CpVk/dubbo-jvm-micrometer?orgId=1&refresh=15m](http://114.55.147.139:3000/d/5i618CpVk/dubbo-jvm-micrometer?orgId=1&refresh=15m)

中文：目前dubbo提供出来的jvm应用信息存在数据缺失的情况比如无法根据应用名称筛选,jvm等数据信息需要再label中增加应用名字，同时可以尝试补全dashboard中缺失的数据，dashboard参考地址为：[http://114.55.147.139:3000/d/5i618CpV
...[truncated]",False,,none,FALSE,,none,,Statement is specific enough and testable.
audit_118,issue_091,issue_statement,rule_seeded,LRCEditor,Android,"description: An Android LRC lyrics editor that lets users create and save timestamped lyrics with metadata, refresh and search the library, open entries for editing, and delete them from the home list.

feature-1: This flow enables creating a new lyric entry, completing its metadata, saving with confirmation, then managing it from the home list via refresh, search, edit, and delete. The user begins by tapping the creation control with resource-id ""com.cg.lrceditor:id/fab"", which opens a new entry workflow where the lyrics input area ""com.cg.lrceditor:id/lyrics_textbox"" becomes active; entering the text ""kk"" into ""com.cg.lrceditor:id/lyrics_textbox"" is accepted, and pressing the completion action ""com.cg.lrceditor:id/action_done"" twice in succession advances to the metadata form. On the metadata screen, the user types ""1"" into the song title field ""com.cg.lrceditor:id/songName_edittext"", ""12"" into the album field ""com.cg.lrceditor:id/albumName_edittext"", ""kk"" into the artist field ""com.cg.lrceditor:id/artistName_edittext"", ""123"" into the composer field ""com.cg.lrceditor:id/composer_edittext"", and ""1234"" into the creator field ""com.cg.lrceditor:id/creatorName_edittext"", then taps the
...[truncated]",False,,none,TRUE,missing_expected_outcome|missing_constraint,major,,"The feature description is cut off mid-sentence (""...then taps the"") and completely incomplete. Because it terminates abruptly, it fails to specify the final interaction constraint (which saving or confirmation control to tap) and the expected outcome of the workflow (e.g., confirming the save, returning to the home list, and successfully displaying the new entry within the list or search results)."
audit_119,jstvr_064,layout_change_spec,mutation_description_derived,jstvr-webpages/issta.cispa,HTML/CSS,"For responsive layout regression testing on `issta.cispa`, the page should preserve the intended layout behavior after this mutant change: Changed class in element <body class=""home page page-id-29 has-header-image"">.",False,,none,TRUE,ambiguous_term|missing_constraint,major,,"The description is completely ambiguous and lacks necessary constraints. While it identifies the targeted element (<body>), it fails to specify what the class attribute was changed to (e.g., which specific class was added, removed, or modified), what the targeted responsive screen size or breakpoint is, and what explicit ""intended layout behavior"" needs to be validated to pass the regression test."
audit_120,issue_037,issue_statement,rule_seeded,coder/code-server,TypeScript,"release: 4.0.0
<!-- Maintainer: fill out the checklist -->

## Checklist

- [x] Assign to next release manager
- [x] Close previous release milestone
- [x] Create next release milestone
- [x] Associate issue with next release milestone",True,missing_constraint,minor,FALSE,,none,,Statement is specific enough and testable.
